endereco,bairro,dia,horario,ra,cidade,uf,pais,endereco_completo,id,lat,lon,geocode_status,geocode_provider,precision,geocode_precision,geocode_query
"LIVRAMENTO DO, RUA",SAUDE,Sexta-Feira,07:00 H ÀS 13:00 H,01-Portuária,Rio de Janeiro,RJ,Brasil,"LIVRAMENTO DO, RUA, SAUDE, Rio de Janeiro, RJ, Brasil",5d34a532f2b8,-22.8971835,-43.1841545,ok,nominatim,,neighborhood,"SAUDE, Rio de Janeiro, RJ, Brasil"
"GAL. GURJAO, RUA",CAJU,Domingo,07:00 H ÀS 13:00 H,01-Portuária,Rio de Janeiro,RJ,Brasil,"GAL. GURJAO, RUA, CAJU, Rio de Janeiro, RJ, Brasil",aafaf596cb9b,-22.8803063,-43.2214936,ok,nominatim,,neighborhood,"CAJU, Rio de Janeiro, RJ, Brasil"
"TADEU KOSCIUSKO / CARLOS SAMPAIO, RUA",CENTRO,Sábado,07:00 H ÀS 13:00 H,02-Centro,Rio de Janeiro,RJ,Brasil,"TADEU KOSCIUSKO / CARLOS SAMPAIO, RUA, CENTRO, Rio de Janeiro, RJ, Brasil",bb284518e45a,-22.2800004,-42.5325303,ok,nominatim,,unknown,"CENTRO, Rio de Janeiro, RJ, Brasil"
"CONDE LAGES, RUA",CENTRO,Quinta-Feira,07:00 H ÀS 13:00 H,02-Centro,Rio de Janeiro,RJ,Brasil,"CONDE LAGES, RUA, CENTRO, Rio de Janeiro, RJ, Brasil",bc572129fbec,-22.2800004,-42.5325303,ok,nominatim,,unknown,"CENTRO, Rio de Janeiro, RJ, Brasil"
"EMILIA GUIMARAES, RUA",CATUMBI,Segunda-Feira,07:00 H ÀS 13:00 H,03-Rio Comprido,Rio de Janeiro,RJ,Brasil,"EMILIA GUIMARAES, RUA, CATUMBI, Rio de Janeiro, RJ, Brasil",bbedf259b308,-22.9194542,-43.1970806,ok,nominatim,,neighborhood,"CATUMBI, Rio de Janeiro, RJ, Brasil"
"BARAO DE SERTORIO, RUA",RIO COMPRIDO,Quarta-Feira,07:00 H ÀS 13:00 H,03-Rio Comprido,Rio de Janeiro,RJ,Brasil,"BARAO DE SERTORIO, RUA, RIO COMPRIDO, Rio de Janeiro, RJ, Brasil",5e258c270235,-22.9279449,-43.2088566,ok,nominatim,,neighborhood,"RIO COMPRIDO, Rio de Janeiro, RJ, Brasil"
"COSTA FERRAZ, RUA",RIO COMPRIDO,Sábado,07:00 H ÀS 13:00 H,03-Rio Comprido,Rio de Janeiro,RJ,Brasil,"COSTA FERRAZ, RUA, RIO COMPRIDO, Rio de Janeiro, RJ, Brasil",094b06095300,-22.9279449,-43.2088566,ok,nominatim,,neighborhood,"RIO COMPRIDO, Rio de Janeiro, RJ, Brasil"
"CEL. CASTELO BRANCO, PCA",CIDADE NOVA,Quinta-Feira,07:00 H ÀS 13:00 H,03-Rio Comprido,Rio de Janeiro,RJ,Brasil,"CEL. CASTELO BRANCO, PCA, CIDADE NOVA, Rio de Janeiro, RJ, Brasil",28bb268c8bea,-22.9100508,-43.201756,ok,nominatim,,neighborhood,"CIDADE NOVA, Rio de Janeiro, RJ, Brasil"
"SAMPAIO FERRAZ, RUA",ESTACIO,Quarta-Feira,07:00 H ÀS 13:00 H,03-Rio Comprido,Rio de Janeiro,RJ,Brasil,"SAMPAIO FERRAZ, RUA, ESTACIO, Rio de Janeiro, RJ, Brasil",ec00b2808f21,-22.9166265,-43.20363,ok,nominatim,,neighborhood,"ESTACIO, Rio de Janeiro, RJ, Brasil"
"GAL ARGOLO, RUA",SAO CRISTOVAO,Quinta-Feira,07:00 H ÀS 13:00 H,07-São Cristóvão,Rio de Janeiro,RJ,Brasil,"GAL ARGOLO, RUA, SAO CRISTOVAO, Rio de Janeiro, RJ, Brasil",dedcbba56718,-22.899318,-43.2219346,ok,nominatim,,neighborhood,"SAO CRISTOVAO, Rio de Janeiro, RJ, Brasil"
"GAL BRUCE, RUA",SAO CRISTOVAO,Domingo,07:00 H ÀS 13:00 H,07-São Cristóvão,Rio de Janeiro,RJ,Brasil,"GAL BRUCE, RUA, SAO CRISTOVAO, Rio de Janeiro, RJ, Brasil",3a377143a833,-22.899318,-43.2219346,ok,nominatim,,neighborhood,"SAO CRISTOVAO, Rio de Janeiro, RJ, Brasil"
RUA TEREZINA,SANTA TERESA,Sexta-Feira,07:00 H ÀS 13:00 H,23-Santa Teresa,Rio de Janeiro,RJ,Brasil,"RUA TEREZINA, SANTA TERESA, Rio de Janeiro, RJ, Brasil",0b3de3a7b367,-22.9209485,-43.1882594,ok,nominatim,,unknown,"RUA TEREZINA, SANTA TERESA, Rio de Janeiro, RJ, Brasil"
"AUGUSTO SEVERO, AV",GLORIA,Domingo,07:00 H ÀS 13:00 H,04-Botafogo,Rio de Janeiro,RJ,Brasil,"AUGUSTO SEVERO, AV, GLORIA, Rio de Janeiro, RJ, Brasil",ad94267fdb64,-22.9198604,-43.1751631,ok,nominatim,,unknown,"AUGUSTO SEVERO, AV, GLORIA, Rio de Janeiro, RJ, Brasil"
"PROF. ORTIZ MONTEIRO, RUA",LARANJEIRAS,Sábado,07:00 H ÀS 13:00 H,04-Botafogo,Rio de Janeiro,RJ,Brasil,"PROF. ORTIZ MONTEIRO, RUA, LARANJEIRAS, Rio de Janeiro, RJ, Brasil",06ecc52e238a,-22.9343173,-43.1878165,ok,nominatim,,neighborhood,"LARANJEIRAS, Rio de Janeiro, RJ, Brasil"
"JARDEL FILHO, VDT",LARANJEIRAS,Sexta-Feira,07:00 H ÀS 13:00 H,04-Botafogo,Rio de Janeiro,RJ,Brasil,"JARDEL FILHO, VDT, LARANJEIRAS, Rio de Janeiro, RJ, Brasil",3d8ed3fe6ca9,-22.9343173,-43.1878165,ok,nominatim,,neighborhood,"LARANJEIRAS, Rio de Janeiro, RJ, Brasil"
"PAULO BARRETO, RUA",BOTAFOGO,Sábado,07:00 H ÀS 13:00 H,04-Botafogo,Rio de Janeiro,RJ,Brasil,"PAULO BARRETO, RUA, BOTAFOGO, Rio de Janeiro, RJ, Brasil",3d2da7aa9d5f,-22.9515096,-43.1862969,ok,nominatim,,neighborhood,"BOTAFOGO, Rio de Janeiro, RJ, Brasil"
"VICENTE DE SOUZA, RUA",BOTAFOGO,Segunda-Feira,07:00 H ÀS 13:00 H,04-Botafogo,Rio de Janeiro,RJ,Brasil,"VICENTE DE SOUZA, RUA, BOTAFOGO, Rio de Janeiro, RJ, Brasil",9b895c3009f3,-22.9515096,-43.1862969,ok,nominatim,,neighborhood,"BOTAFOGO, Rio de Janeiro, RJ, Brasil"
"NICARAGUA, PCA",BOTAFOGO,Quarta-Feira,07:00 H ÀS 13:00 H,04-Botafogo,Rio de Janeiro,RJ,Brasil,"NICARAGUA, PCA, BOTAFOGO, Rio de Janeiro, RJ, Brasil",a3290a1b4048,-22.9515096,-43.1862969,ok,nominatim,,neighborhood,"BOTAFOGO, Rio de Janeiro, RJ, Brasil"
"RODRIGO DE BRITO, RUA",BOTAFOGO,Sexta-Feira,07:00 H ÀS 13:00 H,04-Botafogo,Rio de Janeiro,RJ,Brasil,"RODRIGO DE BRITO, RUA, BOTAFOGO, Rio de Janeiro, RJ, Brasil",cdee328bce46,-22.9515096,-43.1862969,ok,nominatim,,neighborhood,"BOTAFOGO, Rio de Janeiro, RJ, Brasil"
"BARAO DE MACAUBAS, RUA",BOTAFOGO,Terça-Feira,07:00 H ÀS 13:00 H,04-Botafogo,Rio de Janeiro,RJ,Brasil,"BARAO DE MACAUBAS, RUA, BOTAFOGO, Rio de Janeiro, RJ, Brasil",e5f822a39d6d,-22.9497877,-43.1927035,ok,nominatim,,unknown,"BARAO DE MACAUBAS, RUA, BOTAFOGO, Rio de Janeiro, RJ, Brasil"
"MARIA EUGENIA, RUA",HUMAITA,Quarta-Feira,07:00 H ÀS 13:00 H,04-Botafogo,Rio de Janeiro,RJ,Brasil,"MARIA EUGENIA, RUA, HUMAITA, Rio de Janeiro, RJ, Brasil",2f2e34c35797,-22.9546413,-43.2004797,ok,nominatim,,neighborhood,"HUMAITA, Rio de Janeiro, RJ, Brasil"
"TENENTE GIL GUILHERME, PCA",URCA,Domingo,07:00 H ÀS 13:00 H,04-Botafogo,Rio de Janeiro,RJ,Brasil,"TENENTE GIL GUILHERME, PCA, URCA, Rio de Janeiro, RJ, Brasil",3547266e9371,-22.954074,-43.1679727,ok,nominatim,,neighborhood,"URCA, Rio de Janeiro, RJ, Brasil"
PRC ALMTE JULIO DE NORONHA,LEME,Segunda-Feira,07:00 H ÀS 13:00 H,05-Copacabana,Rio de Janeiro,RJ,Brasil,"PRC ALMTE JULIO DE NORONHA, LEME, Rio de Janeiro, RJ, Brasil",d7d15fa50257,-22.961704,-43.1669042,ok,nominatim,,neighborhood,"LEME, Rio de Janeiro, RJ, Brasil"
"SERZEDELO CORREIA, PRC",COPACABANA,Domingo,07:00 H ÀS 13:00 H,05-Copacabana,Rio de Janeiro,RJ,Brasil,"SERZEDELO CORREIA, PRC, COPACABANA, Rio de Janeiro, RJ, Brasil",a269813fd59b,-22.971974,-43.1842997,ok,nominatim,,neighborhood,"COPACABANA, Rio de Janeiro, RJ, Brasil"
RONALD DE CARVALHO,COPACABANA,Quinta-Feira,07:00 H ÀS 13:00 H,05-Copacabana,Rio de Janeiro,RJ,Brasil,"RONALD DE CARVALHO, COPACABANA, Rio de Janeiro, RJ, Brasil",630b0667e532,-22.9629176,-43.1770235,ok,nominatim,,unknown,"RONALD DE CARVALHO, COPACABANA, Rio de Janeiro, RJ, Brasil"
"EDMUNDO BITTENCOURT, PRC",COPACABANA,Quarta-Feira,07:00 H ÀS 13:00 H,05-Copacabana,Rio de Janeiro,RJ,Brasil,"EDMUNDO BITTENCOURT, PRC, COPACABANA, Rio de Janeiro, RJ, Brasil",fc82ce505fd3,-22.971974,-43.1842997,ok,nominatim,,neighborhood,"COPACABANA, Rio de Janeiro, RJ, Brasil"
"NOSSA SENHORA DA PAZ, PCA",IPANEMA,Sexta-Feira,07:00 H ÀS 13:00 H,06-Lagoa,Rio de Janeiro,RJ,Brasil,"NOSSA SENHORA DA PAZ, PCA, IPANEMA, Rio de Janeiro, RJ, Brasil",3f6c5f45e7ea,-22.9839557,-43.2022163,ok,nominatim,,neighborhood,"IPANEMA, Rio de Janeiro, RJ, Brasil"
"GAL OSORIO, PCA",IPANEMA,Terça-Feira,07:00 H ÀS 13:00 H,06-Lagoa,Rio de Janeiro,RJ,Brasil,"GAL OSORIO, PCA, IPANEMA, Rio de Janeiro, RJ, Brasil",fdfda97090c1,-22.9839557,-43.2022163,ok,nominatim,,neighborhood,"IPANEMA, Rio de Janeiro, RJ, Brasil"
PRAÇA NOSSA SENHORA AUXILIADORA,LEBLON,Quinta-Feira,07:00 H ÀS 13:00 H,06-Lagoa,Rio de Janeiro,RJ,Brasil,"PRAÇA NOSSA SENHORA AUXILIADORA, LEBLON, Rio de Janeiro, RJ, Brasil",6ba777f3e2da,-22.9784126,-43.2231894,ok,nominatim,,unknown,"PRAÇA NOSSA SENHORA AUXILIADORA, LEBLON, Rio de Janeiro, RJ, Brasil"
"LINEU DE PAULA MACHADO, AV",LAGOA,Domingo,07:00 H ÀS 13:00 H,06-Lagoa,Rio de Janeiro,RJ,Brasil,"LINEU DE PAULA MACHADO, AV, LAGOA, Rio de Janeiro, RJ, Brasil",58402c8a33da,-22.9624658,-43.2024884,ok,nominatim,,neighborhood,"LAGOA, Rio de Janeiro, RJ, Brasil"
"FREI LEANDRO, RUA",JARDIM BOTANICO,Sábado,07:00 H ÀS 13:00 H,06-Lagoa,Rio de Janeiro,RJ,Brasil,"FREI LEANDRO, RUA, JARDIM BOTANICO, Rio de Janeiro, RJ, Brasil",392910e6e785,-22.9636362,-43.2233457,ok,nominatim,,neighborhood,"JARDIM BOTANICO, Rio de Janeiro, RJ, Brasil"
"SANTOS DUMONT, PCA",GAVEA,Sexta-Feira,07:00 H ÀS 13:00 H,06-Lagoa,Rio de Janeiro,RJ,Brasil,"SANTOS DUMONT, PCA, GAVEA, Rio de Janeiro, RJ, Brasil",38e723353450,-22.9814243,-43.2383245,ok,nominatim,,neighborhood,"GAVEA, Rio de Janeiro, RJ, Brasil"
"VICENTE LICINIO, RUA",PRACA DA BANDEIRA,Domingo,07:00 H ÀS 13:00 H,08-Tijuca,Rio de Janeiro,RJ,Brasil,"VICENTE LICINIO, RUA, PRACA DA BANDEIRA, Rio de Janeiro, RJ, Brasil",fc8e6554e9ba,-22.9112162,-43.2131983,ok,nominatim,,neighborhood,"PRACA DA BANDEIRA, Rio de Janeiro, RJ, Brasil"
"GARIBALDI, RUA",TIJUCA,Sexta-Feira,07:00 H ÀS 13:00 H,08-Tijuca,Rio de Janeiro,RJ,Brasil,"GARIBALDI, RUA, TIJUCA, Rio de Janeiro, RJ, Brasil",75e814031f21,-22.9247351,-43.2327165,ok,nominatim,,neighborhood,"TIJUCA, Rio de Janeiro, RJ, Brasil"
"ALZIRA BRANDAO, RUA",TIJUCA,Sexta-Feira,07:00 H ÀS 13:00 H,08-Tijuca,Rio de Janeiro,RJ,Brasil,"ALZIRA BRANDAO, RUA, TIJUCA, Rio de Janeiro, RJ, Brasil",40c15dd28b1d,-22.9247351,-43.2327165,ok,nominatim,,neighborhood,"TIJUCA, Rio de Janeiro, RJ, Brasil"
"AGUIAR, RUA",TIJUCA,Segunda-Feira,07:00 H ÀS 13:00 H,08-Tijuca,Rio de Janeiro,RJ,Brasil,"AGUIAR, RUA, TIJUCA, Rio de Janeiro, RJ, Brasil",70919106d396,-22.9247351,-43.2327165,ok,nominatim,,neighborhood,"TIJUCA, Rio de Janeiro, RJ, Brasil"
"GABRIELA PRADO MAIA, RUA",TIJUCA,Terça-Feira,07:00 H ÀS 13:00 H,08-Tijuca,Rio de Janeiro,RJ,Brasil,"GABRIELA PRADO MAIA, RUA, TIJUCA, Rio de Janeiro, RJ, Brasil",bf53545413f3,-22.9247351,-43.2327165,ok,nominatim,,neighborhood,"TIJUCA, Rio de Janeiro, RJ, Brasil"
"PROF PINHEIRO GUIMARAES, PCA",TIJUCA,Terça-Feira,07:00 H ÀS 13:00 H,08-Tijuca,Rio de Janeiro,RJ,Brasil,"PROF PINHEIRO GUIMARAES, PCA, TIJUCA, Rio de Janeiro, RJ, Brasil",a2fa9cdd542e,-22.9247351,-43.2327165,ok,nominatim,,neighborhood,"TIJUCA, Rio de Janeiro, RJ, Brasil"
"VISCONDE DE FIGUEIREDO, RUA",TIJUCA,Quarta-Feira,07:00 H ÀS 13:00 H,08-Tijuca,Rio de Janeiro,RJ,Brasil,"VISCONDE DE FIGUEIREDO, RUA, TIJUCA, Rio de Janeiro, RJ, Brasil",78656a3e661a,-22.9247351,-43.2327165,ok,nominatim,,neighborhood,"TIJUCA, Rio de Janeiro, RJ, Brasil"
RUA PROFESSOR MANOEL DE ABREU,MARACANA,Sábado,07:00 H ÀS 13:00 H,09-Vila Isabel,Rio de Janeiro,RJ,Brasil,"RUA PROFESSOR MANOEL DE ABREU, MARACANA, Rio de Janeiro, RJ, Brasil",bf9ac8e4e358,-22.9121619,-43.2311861,ok,nominatim,,street,"MARACANA, Rio de Janeiro, RJ, Brasil"
"JORGE RUDGE, RUA",VILA ISABEL,Terça-Feira,07:00 H ÀS 13:00 H,09-Vila Isabel,Rio de Janeiro,RJ,Brasil,"JORGE RUDGE, RUA, VILA ISABEL, Rio de Janeiro, RJ, Brasil",9a578659e747,-22.9166993,-43.2508354,ok,nominatim,,neighborhood,"VILA ISABEL, Rio de Janeiro, RJ, Brasil"
"MENDES TAVARES, RUA",VILA ISABEL,Quarta-Feira,07:00 H ÀS 13:00 H,09-Vila Isabel,Rio de Janeiro,RJ,Brasil,"MENDES TAVARES, RUA, VILA ISABEL, Rio de Janeiro, RJ, Brasil",05e486d31286,-22.9166993,-43.2508354,ok,nominatim,,neighborhood,"VILA ISABEL, Rio de Janeiro, RJ, Brasil"
"ARARIPE JUNIOR, RUA",ANDARAI,Domingo,07:00 H ÀS 13:00 H,09-Vila Isabel,Rio de Janeiro,RJ,Brasil,"ARARIPE JUNIOR, RUA, ANDARAI, Rio de Janeiro, RJ, Brasil",a3d07897c72f,-22.9290845,-43.2534858,ok,nominatim,,neighborhood,"ANDARAI, Rio de Janeiro, RJ, Brasil"
"SILVA TELES, RUA",ANDARAI,Quinta-Feira,07:00 H ÀS 13:00 H,09-Vila Isabel,Rio de Janeiro,RJ,Brasil,"SILVA TELES, RUA, ANDARAI, Rio de Janeiro, RJ, Brasil",751d72f1fe04,-22.9290845,-43.2534858,ok,nominatim,,neighborhood,"ANDARAI, Rio de Janeiro, RJ, Brasil"
"DUQUESA DE BRAGANÇA, RUA",GRAJAU,Sábado,07:00 H ÀS 13:00 H,09-Vila Isabel,Rio de Janeiro,RJ,Brasil,"DUQUESA DE BRAGANÇA, RUA, GRAJAU, Rio de Janeiro, RJ, Brasil",56ec2e5432c8,-22.9225217,-43.2645145,ok,nominatim,,neighborhood,"GRAJAU, Rio de Janeiro, RJ, Brasil"
"MEARIM, RUA",GRAJAU,Terça-Feira,07:00 H ÀS 13:00 H,09-Vila Isabel,Rio de Janeiro,RJ,Brasil,"MEARIM, RUA, GRAJAU, Rio de Janeiro, RJ, Brasil",1a5c5d50ac61,-22.9225217,-43.2645145,ok,nominatim,,neighborhood,"GRAJAU, Rio de Janeiro, RJ, Brasil"
"JULIO FURTADO, AV",GRAJAU,Sexta-Feira,07:00 H ÀS 13:00 H,09-Vila Isabel,Rio de Janeiro,RJ,Brasil,"JULIO FURTADO, AV, GRAJAU, Rio de Janeiro, RJ, Brasil",39aa5f42055a,-22.9201725,-43.2655268,ok,nominatim,,unknown,"JULIO FURTADO, AV, GRAJAU, Rio de Janeiro, RJ, Brasil"
"MAL FOCH, RUA",BONSUCESSO,Terça-Feira,07:00 H ÀS 14:30 H,10-Ramos,Rio de Janeiro,RJ,Brasil,"MAL FOCH, RUA, BONSUCESSO, Rio de Janeiro, RJ, Brasil",e9727018bd55,-22.8659317,-43.253318,ok,nominatim,,neighborhood,"BONSUCESSO, Rio de Janeiro, RJ, Brasil"
"SENADOR MOURAO VIEIRA, RUA",RAMOS,Quinta-Feira,07:00 H ÀS 14:30 H,10-Ramos,Rio de Janeiro,RJ,Brasil,"SENADOR MOURAO VIEIRA, RUA, RAMOS, Rio de Janeiro, RJ, Brasil",ac15477c096e,-22.8519758,-43.2555693,ok,nominatim,,neighborhood,"RAMOS, Rio de Janeiro, RJ, Brasil"
"FELISBELO FREIRE, RUA",RAMOS,Sábado,07:00 H ÀS 14:30 H,10-Ramos,Rio de Janeiro,RJ,Brasil,"FELISBELO FREIRE, RUA, RAMOS, Rio de Janeiro, RJ, Brasil",4b06bfa5ac46,-22.8519758,-43.2555693,ok,nominatim,,neighborhood,"RAMOS, Rio de Janeiro, RJ, Brasil"
"ANTONIO REGO, RUA",OLARIA,Sexta-Feira,07:00 H ÀS 14:30 H,10-Ramos,Rio de Janeiro,RJ,Brasil,"ANTONIO REGO, RUA, OLARIA, Rio de Janeiro, RJ, Brasil",8dda05864318,-22.8484866,-43.2706124,ok,nominatim,,neighborhood,"OLARIA, Rio de Janeiro, RJ, Brasil"
"FIRMINO GAMELEIRA, RUA",OLARIA,Quarta-Feira,07:00 H ÀS 14:30 H,10-Ramos,Rio de Janeiro,RJ,Brasil,"FIRMINO GAMELEIRA, RUA, OLARIA, Rio de Janeiro, RJ, Brasil",f5e1ea721ab9,-22.8484866,-43.2706124,ok,nominatim,,neighborhood,"OLARIA, Rio de Janeiro, RJ, Brasil"
RUA BELISÁRIO PENA,PENHA,Domingo,07:00 H ÀS 14:30 H,11-Penha,Rio de Janeiro,RJ,Brasil,"RUA BELISÁRIO PENA, PENHA, Rio de Janeiro, RJ, Brasil",719f83b40047,-22.8385131,-43.2787445,ok,nominatim,,unknown,"RUA BELISÁRIO PENA, PENHA, Rio de Janeiro, RJ, Brasil"
"GAL SILVEIRA SOBRINHO, RUA",PENHA,Quinta-Feira,07:00 H ÀS 14:30 H,11-Penha,Rio de Janeiro,RJ,Brasil,"GAL SILVEIRA SOBRINHO, RUA, PENHA, Rio de Janeiro, RJ, Brasil",d2584ed6bf25,-22.8381127,-43.2764454,ok,nominatim,,neighborhood,"PENHA, Rio de Janeiro, RJ, Brasil"
"MACAPURI, RUA",PENHA,Domingo,07:00 H ÀS 14:30 H,11-Penha,Rio de Janeiro,RJ,Brasil,"MACAPURI, RUA, PENHA, Rio de Janeiro, RJ, Brasil",513057d8e561,-22.8381127,-43.2764454,ok,nominatim,,neighborhood,"PENHA, Rio de Janeiro, RJ, Brasil"
"JACUI, RUA",PENHA,Quarta-Feira,07:00 H ÀS 14:30 H,11-Penha,Rio de Janeiro,RJ,Brasil,"JACUI, RUA, PENHA, Rio de Janeiro, RJ, Brasil",d7fe187be5b7,-22.8381127,-43.2764454,ok,nominatim,,neighborhood,"PENHA, Rio de Janeiro, RJ, Brasil"
"JOSE RUCAS, ETR",PENHA,Quinta-Feira,07:00 H ÀS 14:30 H,11-Penha,Rio de Janeiro,RJ,Brasil,"JOSE RUCAS, ETR, PENHA, Rio de Janeiro, RJ, Brasil",5794127aec10,-22.8381127,-43.2764454,ok,nominatim,,neighborhood,"PENHA, Rio de Janeiro, RJ, Brasil"
"IRICUME, RUA",BRAZ DE PINA,Sábado,07:00 H ÀS 14:30 H,11-Penha,Rio de Janeiro,RJ,Brasil,"IRICUME, RUA, BRAZ DE PINA, Rio de Janeiro, RJ, Brasil",23355ad2ab8f,-22.8309084,-43.318807,ok,nominatim,,exact,"BRAZ DE PINA, Rio de Janeiro, RJ, Brasil"
"VALENTIM MAGALHAES, RUA",VIGARIO GERAL,Sábado,07:00 H ÀS 14:30 H,31-Vigário Geral,Rio de Janeiro,RJ,Brasil,"VALENTIM MAGALHAES, RUA, VIGARIO GERAL, Rio de Janeiro, RJ, Brasil",032bbb08300f,-22.8095333,-43.3097039,ok,nominatim,,neighborhood,"VIGARIO GERAL, Rio de Janeiro, RJ, Brasil"
"FRANZ LISZT, RUA",JARDIM AMERICA,Terça-Feira,07:00 H ÀS 14:30 H,31-Vigário Geral,Rio de Janeiro,RJ,Brasil,"FRANZ LISZT, RUA, JARDIM AMERICA, Rio de Janeiro, RJ, Brasil",2a23eed09b3f,-22.810005,-43.323212,ok,nominatim,,neighborhood,"JARDIM AMERICA, Rio de Janeiro, RJ, Brasil"
"PROF BOSCOLI, RUA",MARIA DA GRACA,Terça-Feira,07:00 H ÀS 14:30 H,12-Inhaúma,Rio de Janeiro,RJ,Brasil,"PROF BOSCOLI, RUA, MARIA DA GRACA, Rio de Janeiro, RJ, Brasil",62ee5a339dd6,-22.8830403,-43.2638849,ok,nominatim,,neighborhood,"MARIA DA GRACA, Rio de Janeiro, RJ, Brasil"
"BISPO LACERDA, RUA",DEL CASTILHO,Domingo,07:00 H ÀS 14:30 H,12-Inhaúma,Rio de Janeiro,RJ,Brasil,"BISPO LACERDA, RUA, DEL CASTILHO, Rio de Janeiro, RJ, Brasil",27c18700700f,-22.8795618,-43.2724202,ok,nominatim,,neighborhood,"DEL CASTILHO, Rio de Janeiro, RJ, Brasil"
"VAN GOGH, RUA",DEL CASTILHO,Sábado,07:00 H ÀS 14:30 H,12-Inhaúma,Rio de Janeiro,RJ,Brasil,"VAN GOGH, RUA, DEL CASTILHO, Rio de Janeiro, RJ, Brasil",b1d1e4427c05,-22.8795618,-43.2724202,ok,nominatim,,neighborhood,"DEL CASTILHO, Rio de Janeiro, RJ, Brasil"
"DONA EMILIA, RUA",INHAUMA,Domingo,07:00 H ÀS 14:30 H,12-Inhaúma,Rio de Janeiro,RJ,Brasil,"DONA EMILIA, RUA, INHAUMA, Rio de Janeiro, RJ, Brasil",7c120d4be054,-22.8715476,-43.2823466,ok,nominatim,,neighborhood,"INHAUMA, Rio de Janeiro, RJ, Brasil"
"MARIO FERREIRA, RUA",ENGENHO DA RAINHA,Sábado,07:00 H ÀS 14:30 H,12-Inhaúma,Rio de Janeiro,RJ,Brasil,"MARIO FERREIRA, RUA, ENGENHO DA RAINHA, Rio de Janeiro, RJ, Brasil",a7a007810acf,-22.8626496,-43.2937874,ok,nominatim,,neighborhood,"ENGENHO DA RAINHA, Rio de Janeiro, RJ, Brasil"
"ROCHA DO, RUA",ROCHA,Sábado,07:00 H ÀS 13:00 H,13-Méier,Rio de Janeiro,RJ,Brasil,"ROCHA DO, RUA, ROCHA, Rio de Janeiro, RJ, Brasil",b8d0d3228b1c,-22.9954898,-44.3037932,ok,nominatim,,unknown,"ROCHA DO, RUA, ROCHA, Rio de Janeiro, RJ, Brasil"
"VITOR MEIRELES, RUA",RIACHUELO,Quinta-Feira,07:00 H ÀS 13:00 H,13-Méier,Rio de Janeiro,RJ,Brasil,"VITOR MEIRELES, RUA, RIACHUELO, Rio de Janeiro, RJ, Brasil",2092dfb2994a,-22.9022455,-43.257076,ok,nominatim,,unknown,"VITOR MEIRELES, RUA, RIACHUELO, Rio de Janeiro, RJ, Brasil"
"DOUTOR MANOEL COTRIM, RUA",RIACHUELO,Terça-Feira,07:00 H ÀS 13:00 H,13-Méier,Rio de Janeiro,RJ,Brasil,"DOUTOR MANOEL COTRIM, RUA, RIACHUELO, Rio de Janeiro, RJ, Brasil",c27f041d8b66,-22.9026953,-43.255175,ok,nominatim,,neighborhood,"RIACHUELO, Rio de Janeiro, RJ, Brasil"
"MANOEL MIRANDA, RUA",ENGENHO NOVO,Sexta-Feira,07:00 H ÀS 13:00 H,13-Méier,Rio de Janeiro,RJ,Brasil,"MANOEL MIRANDA, RUA, ENGENHO NOVO, Rio de Janeiro, RJ, Brasil",e8187d35b43c,-22.9090942,-43.2678381,ok,nominatim,,neighborhood,"ENGENHO NOVO, Rio de Janeiro, RJ, Brasil"
"GRAO PARA, RUA",ENGENHO NOVO,Segunda-Feira,07:00 H ÀS 13:00 H,13-Méier,Rio de Janeiro,RJ,Brasil,"GRAO PARA, RUA, ENGENHO NOVO, Rio de Janeiro, RJ, Brasil",e611666656e6,-22.9090942,-43.2678381,ok,nominatim,,neighborhood,"ENGENHO NOVO, Rio de Janeiro, RJ, Brasil"
"JOAQUIM MEIER, RUA",LINS DE VASCONCELOS,Sexta-Feira,07:00 H ÀS 13:00 H,13-Méier,Rio de Janeiro,RJ,Brasil,"JOAQUIM MEIER, RUA, LINS DE VASCONCELOS, Rio de Janeiro, RJ, Brasil",ea0258950a64,-22.9140512,-43.2843528,ok,nominatim,,neighborhood,"LINS DE VASCONCELOS, Rio de Janeiro, RJ, Brasil"
"GALDINO PIMENTEL, RUA",MEIER,Terça-Feira,07:00 H ÀS 13:00 H,13-Méier,Rio de Janeiro,RJ,Brasil,"GALDINO PIMENTEL, RUA, MEIER, Rio de Janeiro, RJ, Brasil",717bde7bd1a6,-22.90173,-43.2797093,ok,nominatim,,neighborhood,"MEIER, Rio de Janeiro, RJ, Brasil"
"VAZ DE CAMINHA, RUA",MEIER,Sexta-Feira,07:00 H ÀS 13:00 H,13-Méier,Rio de Janeiro,RJ,Brasil,"VAZ DE CAMINHA, RUA, MEIER, Rio de Janeiro, RJ, Brasil",6c2eb37d247a,-22.90173,-43.2797093,ok,nominatim,,neighborhood,"MEIER, Rio de Janeiro, RJ, Brasil"
"SALVADOR PIRES, RUA",MEIER,Quarta-Feira,07:00 H ÀS 13:00 H,13-Méier,Rio de Janeiro,RJ,Brasil,"SALVADOR PIRES, RUA, MEIER, Rio de Janeiro, RJ, Brasil",9c584c49f5dd,-22.90173,-43.2797093,ok,nominatim,,neighborhood,"MEIER, Rio de Janeiro, RJ, Brasil"
"SILVA RABELO, RUA",MEIER,Quinta-Feira,07:00 H ÀS 13:00 H,13-Méier,Rio de Janeiro,RJ,Brasil,"SILVA RABELO, RUA, MEIER, Rio de Janeiro, RJ, Brasil",22324155ed6a,-22.90173,-43.2797093,ok,nominatim,,neighborhood,"MEIER, Rio de Janeiro, RJ, Brasil"
"BASILIO DE BRITO, RUA",CACHAMBI,Domingo,07:00 H ÀS 13:00 H,13-Méier,Rio de Janeiro,RJ,Brasil,"BASILIO DE BRITO, RUA, CACHAMBI, Rio de Janeiro, RJ, Brasil",0f088eef80fd,-22.8897728,-43.2743347,ok,nominatim,,neighborhood,"CACHAMBI, Rio de Janeiro, RJ, Brasil"
"ODORICO MENDES, RUA",CACHAMBI,Terça-Feira,07:00 H ÀS 13:00 H,13-Méier,Rio de Janeiro,RJ,Brasil,"ODORICO MENDES, RUA, CACHAMBI, Rio de Janeiro, RJ, Brasil",a4dc9e829167,-22.8897728,-43.2743347,ok,nominatim,,neighborhood,"CACHAMBI, Rio de Janeiro, RJ, Brasil"
"AFONSO FERREIRA, RUA",ENGENHO DE DENTRO,Domingo,07:00 H ÀS 13:00 H,13-Méier,Rio de Janeiro,RJ,Brasil,"AFONSO FERREIRA, RUA, ENGENHO DE DENTRO, Rio de Janeiro, RJ, Brasil",fa84656460fb,-22.9026591,-43.2967757,ok,nominatim,,neighborhood,"ENGENHO DE DENTRO, Rio de Janeiro, RJ, Brasil"
"GUSTAVO RIEDEL, RUA",ENGENHO DE DENTRO,Quarta-Feira,07:00 H ÀS 13:00 H,13-Méier,Rio de Janeiro,RJ,Brasil,"GUSTAVO RIEDEL, RUA, ENGENHO DE DENTRO, Rio de Janeiro, RJ, Brasil",fa3cdbef5d78,-22.9026591,-43.2967757,ok,nominatim,,neighborhood,"ENGENHO DE DENTRO, Rio de Janeiro, RJ, Brasil"
"CATULO CEARENCE, RUA",ENGENHO DE DENTRO,Terça-Feira,07:00 H ÀS 13:00 H,13-Méier,Rio de Janeiro,RJ,Brasil,"CATULO CEARENCE, RUA, ENGENHO DE DENTRO, Rio de Janeiro, RJ, Brasil",bac0035971c0,-22.9026591,-43.2967757,ok,nominatim,,neighborhood,"ENGENHO DE DENTRO, Rio de Janeiro, RJ, Brasil"
"CRUZ E SOUZA, RUA",ENCANTADO,Sábado,07:00 H ÀS 13:00 H,13-Méier,Rio de Janeiro,RJ,Brasil,"CRUZ E SOUZA, RUA, ENCANTADO, Rio de Janeiro, RJ, Brasil",d30b550b1311,-22.8974743,-43.3042461,ok,nominatim,,neighborhood,"ENCANTADO, Rio de Janeiro, RJ, Brasil"
"ANTONIO VARGAS, RUA",PIEDADE,Quarta-Feira,07:00 H ÀS 13:00 H,13-Méier,Rio de Janeiro,RJ,Brasil,"ANTONIO VARGAS, RUA, PIEDADE, Rio de Janeiro, RJ, Brasil",272547b1e0e6,-22.8926665,-43.3110001,ok,nominatim,,neighborhood,"PIEDADE, Rio de Janeiro, RJ, Brasil"
"CAMINHO DO MATEUS, RUA",PIEDADE,Terça-Feira,07:00 H ÀS 13:00 H,13-Méier,Rio de Janeiro,RJ,Brasil,"CAMINHO DO MATEUS, RUA, PIEDADE, Rio de Janeiro, RJ, Brasil",6167d933fb2c,-22.8926665,-43.3110001,ok,nominatim,,neighborhood,"PIEDADE, Rio de Janeiro, RJ, Brasil"
"TERESA CAVALCANTI, RUA",PIEDADE,Sábado,07:00 H ÀS 13:00 H,13-Méier,Rio de Janeiro,RJ,Brasil,"TERESA CAVALCANTI, RUA, PIEDADE, Rio de Janeiro, RJ, Brasil",bf3d451777dd,-22.8926665,-43.3110001,ok,nominatim,,neighborhood,"PIEDADE, Rio de Janeiro, RJ, Brasil"
"CASEMIRO DE ABREU, RUA",PILARES,Quarta-Feira,07:00 H ÀS 13:00 H,13-Méier,Rio de Janeiro,RJ,Brasil,"CASEMIRO DE ABREU, RUA, PILARES, Rio de Janeiro, RJ, Brasil",121b5b2afef7,-22.8790904,-43.2955477,ok,nominatim,,neighborhood,"PILARES, Rio de Janeiro, RJ, Brasil"
"VICENTE DE CARVALHO, AVN",VILA KOSMOS,Sábado,07:00 H ÀS 14:30 H,14-Irajá,Rio de Janeiro,RJ,Brasil,"VICENTE DE CARVALHO, AVN, VILA KOSMOS, Rio de Janeiro, RJ, Brasil",b4e876c10c62,-22.853597,-43.3032021,ok,nominatim,,neighborhood,"VILA KOSMOS, Rio de Janeiro, RJ, Brasil"
"CAMBUCI DO VALE, RUA",VICENTE DE CARVALHO,Quarta-Feira,07:00 H ÀS 14:30 H,14-Irajá,Rio de Janeiro,RJ,Brasil,"CAMBUCI DO VALE, RUA, VICENTE DE CARVALHO, Rio de Janeiro, RJ, Brasil",b70b5d2ce658,-22.8571804,-43.3157892,ok,nominatim,,neighborhood,"VICENTE DE CARVALHO, Rio de Janeiro, RJ, Brasil"
"FLORANIA, RUA",VISTA ALEGRE,Sexta-Feira,07:00 H ÀS 14:30 H,14-Irajá,Rio de Janeiro,RJ,Brasil,"FLORANIA, RUA, VISTA ALEGRE, Rio de Janeiro, RJ, Brasil",323d0ef76a4b,-22.8296244,-43.3151276,ok,nominatim,,neighborhood,"VISTA ALEGRE, Rio de Janeiro, RJ, Brasil"
"PONTA PORA, RUA",VISTA ALEGRE,Domingo,07:00 H ÀS 14:30 H,14-Irajá,Rio de Janeiro,RJ,Brasil,"PONTA PORA, RUA, VISTA ALEGRE, Rio de Janeiro, RJ, Brasil",aa848bc1876b,-22.8296244,-43.3151276,ok,nominatim,,neighborhood,"VISTA ALEGRE, Rio de Janeiro, RJ, Brasil"
"MARQUES DE QUELUZ, RUA",IRAJA,Domingo,07:00 H ÀS 14:30 H,14-Irajá,Rio de Janeiro,RJ,Brasil,"MARQUES DE QUELUZ, RUA, IRAJA, Rio de Janeiro, RJ, Brasil",1ddf7a8501a7,-22.8431439,-43.324589,ok,nominatim,,street,"MARQUES DE QUELUZ, RUA, IRAJA, Rio de Janeiro, RJ, Brasil"
"TENENTE REBELO, AVN",IRAJA,Quarta-Feira,07:00 H ÀS 14:30 H,14-Irajá,Rio de Janeiro,RJ,Brasil,"TENENTE REBELO, AVN, IRAJA, Rio de Janeiro, RJ, Brasil",dcfad11c4309,-22.8351129,-43.3233619,ok,nominatim,,neighborhood,"IRAJA, Rio de Janeiro, RJ, Brasil"
"LOPES FERREIRA, RUA",IRAJA,Sexta-Feira,07:00 H ÀS 14:30 H,14-Irajá,Rio de Janeiro,RJ,Brasil,"LOPES FERREIRA, RUA, IRAJA, Rio de Janeiro, RJ, Brasil",f09abedf13e2,-22.8351129,-43.3233619,ok,nominatim,,neighborhood,"IRAJA, Rio de Janeiro, RJ, Brasil"
"ANA TELES, RUA",CAMPINHO,Terça-Feira,07:00 H ÀS 14:30 H,15-Madureira,Rio de Janeiro,RJ,Brasil,"ANA TELES, RUA, CAMPINHO, Rio de Janeiro, RJ, Brasil",65fc5408fc06,-22.8852187,-43.347738,ok,nominatim,,neighborhood,"CAMPINHO, Rio de Janeiro, RJ, Brasil"
"EUFRASIO CORREA, RUA",QUINTINO BOCAIUVA,Quarta-Feira,07:00 H ÀS 14:30 H,15-Madureira,Rio de Janeiro,RJ,Brasil,"EUFRASIO CORREA, RUA, QUINTINO BOCAIUVA, Rio de Janeiro, RJ, Brasil",60266084fde2,-22.8955889,-43.3253269,ok,nominatim,,neighborhood,"QUINTINO BOCAIUVA, Rio de Janeiro, RJ, Brasil"
"LAURINDO FILHO, RUA",CAVALCANTI,Sábado,07:00 H ÀS 14:30 H,15-Madureira,Rio de Janeiro,RJ,Brasil,"LAURINDO FILHO, RUA, CAVALCANTI, Rio de Janeiro, RJ, Brasil",b6e27b99a84a,-22.8705266,-43.3165261,ok,nominatim,,neighborhood,"CAVALCANTI, Rio de Janeiro, RJ, Brasil"
"VALERIO, RUA",ENGENHEIRO LEAL,Quarta-Feira,07:00 H ÀS 14:30 H,15-Madureira,Rio de Janeiro,RJ,Brasil,"VALERIO, RUA, ENGENHEIRO LEAL, Rio de Janeiro, RJ, Brasil",ddaaa1cc7061,-22.8743923,-43.3255315,ok,nominatim,,neighborhood,"ENGENHEIRO LEAL, Rio de Janeiro, RJ, Brasil"
"CAETANO DA SILVA, RUA",CASCADURA,Sexta-Feira,07:00 H ÀS 14:30 H,15-Madureira,Rio de Janeiro,RJ,Brasil,"CAETANO DA SILVA, RUA, CASCADURA, Rio de Janeiro, RJ, Brasil",2896bbafcbc0,-22.8841816,-43.3283969,ok,nominatim,,neighborhood,"CASCADURA, Rio de Janeiro, RJ, Brasil"
"HENRIQUE BRAGA, RUA",MADUREIRA,Quinta-Feira,07:00 H ÀS 14:30 H,15-Madureira,Rio de Janeiro,RJ,Brasil,"HENRIQUE BRAGA, RUA, MADUREIRA, Rio de Janeiro, RJ, Brasil",84c5a6993c86,-22.871658,-43.3371976,ok,nominatim,,neighborhood,"MADUREIRA, Rio de Janeiro, RJ, Brasil"
"OPERARIO SADOCK DE SA, RUA",MADUREIRA,Domingo,07:00 H ÀS 14:30 H,15-Madureira,Rio de Janeiro,RJ,Brasil,"OPERARIO SADOCK DE SA, RUA, MADUREIRA, Rio de Janeiro, RJ, Brasil",c7c910db7154,-22.871658,-43.3371976,ok,nominatim,,neighborhood,"MADUREIRA, Rio de Janeiro, RJ, Brasil"
RUA OLIVEIRA FIGUEIREDO,VAZ LOBO,Terça-Feira,07:00 H ÀS 14:30 H,15-Madureira,Rio de Janeiro,RJ,Brasil,"RUA OLIVEIRA FIGUEIREDO, VAZ LOBO, Rio de Janeiro, RJ, Brasil",0a424d266e8d,-22.857214,-43.3272147,ok,nominatim,,street,"RUA OLIVEIRA FIGUEIREDO, VAZ LOBO, Rio de Janeiro, RJ, Brasil"
"JACINA, RUA",VAZ LOBO,Sábado,07:00 H ÀS 14:30 H,15-Madureira,Rio de Janeiro,RJ,Brasil,"JACINA, RUA, VAZ LOBO, Rio de Janeiro, RJ, Brasil",c4bf862cf297,-22.8589721,-43.3278646,ok,nominatim,,neighborhood,"VAZ LOBO, Rio de Janeiro, RJ, Brasil"
"RUBIS, RUA",ROCHA MIRANDA,Segunda-Feira,07:00 H ÀS 14:30 H,15-Madureira,Rio de Janeiro,RJ,Brasil,"RUBIS, RUA, ROCHA MIRANDA, Rio de Janeiro, RJ, Brasil",3b38fbce3140,-22.8503472,-43.3463053,ok,nominatim,,neighborhood,"ROCHA MIRANDA, Rio de Janeiro, RJ, Brasil"
"JURUBAIBA, RUA",HONORIO GURGEL,Sábado,07:00 H ÀS 14:30 H,15-Madureira,Rio de Janeiro,RJ,Brasil,"JURUBAIBA, RUA, HONORIO GURGEL, Rio de Janeiro, RJ, Brasil",da6cec0c8372,-22.8465751,-43.3561294,ok,nominatim,,neighborhood,"HONORIO GURGEL, Rio de Janeiro, RJ, Brasil"
"ADELAIDE BADAJOS, RUA",OSWALDO CRUZ,Quarta-Feira,07:00 H ÀS 14:30 H,15-Madureira,Rio de Janeiro,RJ,Brasil,"ADELAIDE BADAJOS, RUA, OSWALDO CRUZ, Rio de Janeiro, RJ, Brasil",8dfc834d8411,-22.8705266,-43.350194,ok,nominatim,,neighborhood,"OSWALDO CRUZ, Rio de Janeiro, RJ, Brasil"
"TERESA SANTOS, RUA",BENTO RIBEIRO,Sexta-Feira,07:00 H ÀS 14:30 H,15-Madureira,Rio de Janeiro,RJ,Brasil,"TERESA SANTOS, RUA, BENTO RIBEIRO, Rio de Janeiro, RJ, Brasil",0d9da85851c5,-22.8666607,-43.3608367,ok,nominatim,,neighborhood,"BENTO RIBEIRO, Rio de Janeiro, RJ, Brasil"
"OBIDOS, RUA",BENTO RIBEIRO,Terça-Feira,07:00 H ÀS 14:30 H,15-Madureira,Rio de Janeiro,RJ,Brasil,"OBIDOS, RUA, BENTO RIBEIRO, Rio de Janeiro, RJ, Brasil",ca6a772b2eaa,-22.8666607,-43.3608367,ok,nominatim,,neighborhood,"BENTO RIBEIRO, Rio de Janeiro, RJ, Brasil"
"SAPOPEMBA, RUA",BENTO RIBEIRO,Quarta-Feira,07:00 H ÀS 14:30 H,15-Madureira,Rio de Janeiro,RJ,Brasil,"SAPOPEMBA, RUA, BENTO RIBEIRO, Rio de Janeiro, RJ, Brasil",64c35ecf1ced,-22.8666607,-43.3608367,ok,nominatim,,neighborhood,"BENTO RIBEIRO, Rio de Janeiro, RJ, Brasil"
"JORGE SCHMIDT, RUA",MARECHAL HERMES,Quinta-Feira,07:00 H ÀS 14:30 H,15-Madureira,Rio de Janeiro,RJ,Brasil,"JORGE SCHMIDT, RUA, MARECHAL HERMES, Rio de Janeiro, RJ, Brasil",4f38e7df64eb,-22.8599658,-43.3704561,ok,nominatim,,neighborhood,"MARECHAL HERMES, Rio de Janeiro, RJ, Brasil"
"FERNANDES DA FONSECA, RUA",RIBEIRA,Sábado,07:00 H ÀS 13:00 H,20-Ilha do Governador,Rio de Janeiro,RJ,Brasil,"FERNANDES DA FONSECA, RUA, RIBEIRA, Rio de Janeiro, RJ, Brasil",43b9430a031b,-22.8252399,-43.1705907,ok,nominatim,,neighborhood,"RIBEIRA, Rio de Janeiro, RJ, Brasil"
"SARGENTO JOAO LOPES, RUA",CACUIA,Domingo,07:00 H ÀS 13:00 H,20-Ilha do Governador,Rio de Janeiro,RJ,Brasil,"SARGENTO JOAO LOPES, RUA, CACUIA, Rio de Janeiro, RJ, Brasil",3b4ec3bb8ea1,-22.8217028,-43.1837917,ok,nominatim,,neighborhood,"CACUIA, Rio de Janeiro, RJ, Brasil"
"ARUJA, RUA",FREGUESIA(ILHA),Quinta-Feira,07:00 H ÀS 13:00 H,20-Ilha do Governador,Rio de Janeiro,RJ,Brasil,"ARUJA, RUA, FREGUESIA(ILHA), Rio de Janeiro, RJ, Brasil",1b13a40375da,-22.7850602,-43.1694534,ok,nominatim,,neighborhood,"FREGUESIA(ILHA), Rio de Janeiro, RJ, Brasil"
"FRANCISCO ALVES, AVN",JARDIM GUANABARA,Sexta-Feira,07:00 H ÀS 13:00 H,20-Ilha do Governador,Rio de Janeiro,RJ,Brasil,"FRANCISCO ALVES, AVN, JARDIM GUANABARA, Rio de Janeiro, RJ, Brasil",fa0eba1993ec,-22.8128362,-43.2007792,ok,nominatim,,neighborhood,"JARDIM GUANABARA, Rio de Janeiro, RJ, Brasil"
"PROF HILARIAO DA ROCHA, RUA",TAUA,Segunda-Feira,07:00 H ÀS 13:00 H,20-Ilha do Governador,Rio de Janeiro,RJ,Brasil,"PROF HILARIAO DA ROCHA, RUA, TAUA, Rio de Janeiro, RJ, Brasil",f569c3124992,-22.7977495,-43.1867478,ok,nominatim,,neighborhood,"TAUA, Rio de Janeiro, RJ, Brasil"
GOVERNADOR,PORTUGUESA,Quinta-Feira,07:00 H ÀS 13:00 H,20-Ilha do Governador,Rio de Janeiro,RJ,Brasil,"GOVERNADOR, PORTUGUESA, Rio de Janeiro, RJ, Brasil",6ebdad8885e5,-22.7960509,-43.2046447,ok,nominatim,,street,"GOVERNADOR, PORTUGUESA, Rio de Janeiro, RJ, Brasil"
RUA BÉTULA,GUADALUPE,Domingo,07:00 H ÀS 14:30 H,22-Anchieta,Rio de Janeiro,RJ,Brasil,"RUA BÉTULA, GUADALUPE, Rio de Janeiro, RJ, Brasil",4fd84c7452cc,-22.8414181,-43.3780048,ok,nominatim,,street,"RUA BÉTULA, GUADALUPE, Rio de Janeiro, RJ, Brasil"
"LOASA, RUA",GUADALUPE,Quinta-Feira,07:00 H ÀS 14:30 H,22-Anchieta,Rio de Janeiro,RJ,Brasil,"LOASA, RUA, GUADALUPE, Rio de Janeiro, RJ, Brasil",dad76067db7c,-22.8376208,-43.3751608,ok,nominatim,,neighborhood,"GUADALUPE, Rio de Janeiro, RJ, Brasil"
"ENEAS MARTINS, RUA",GUADALUPE,Quinta-Feira,07:00 H ÀS 14:30 H,22-Anchieta,Rio de Janeiro,RJ,Brasil,"ENEAS MARTINS, RUA, GUADALUPE, Rio de Janeiro, RJ, Brasil",cc416b958d5b,-22.8376208,-43.3751608,ok,nominatim,,neighborhood,"GUADALUPE, Rio de Janeiro, RJ, Brasil"
"PEREIRA DA ROCHA/ADEQUÊ, RUA",RICARDO DE ALBUQUERQUE,Domingo,07:00 H ÀS 14:30 H,22-Anchieta,Rio de Janeiro,RJ,Brasil,"PEREIRA DA ROCHA/ADEQUÊ, RUA, RICARDO DE ALBUQUERQUE, Rio de Janeiro, RJ, Brasil",697e4a723c08,-22.8366987,-43.3916757,ok,nominatim,,neighborhood,"RICARDO DE ALBUQUERQUE, Rio de Janeiro, RJ, Brasil"
"OUSELEY, RUA",COELHO NETO,Domingo,07:00 H ÀS 14:30 H,25-Pavuna,Rio de Janeiro,RJ,Brasil,"OUSELEY, RUA, COELHO NETO, Rio de Janeiro, RJ, Brasil",1b1c38d87856,-22.8322449,-43.3501913,ok,nominatim,,neighborhood,"COELHO NETO, Rio de Janeiro, RJ, Brasil"
"PROF VIRGINIA CIDADE, PRA",COELHO NETO,Terça-Feira,07:00 H ÀS 14:30 H,25-Pavuna,Rio de Janeiro,RJ,Brasil,"PROF VIRGINIA CIDADE, PRA, COELHO NETO, Rio de Janeiro, RJ, Brasil",21c900a9c1ce,-22.8322449,-43.3501913,ok,nominatim,,neighborhood,"COELHO NETO, Rio de Janeiro, RJ, Brasil"
"CEL MOREIRA CESAR, RUA",COSTA BARROS,Quarta-Feira,07:00 H ÀS 14:30 H,25-Pavuna,Rio de Janeiro,RJ,Brasil,"CEL MOREIRA CESAR, RUA, COSTA BARROS, Rio de Janeiro, RJ, Brasil",cf031d90b46c,-22.8246995,-43.3698395,ok,nominatim,,neighborhood,"COSTA BARROS, Rio de Janeiro, RJ, Brasil"
LARGO DO ANIL,JACAREPAGUA,Sábado,07:00 H ÀS 14:30 H,16-Jacarépaguá,Rio de Janeiro,RJ,Brasil,"LARGO DO ANIL, JACAREPAGUA, Rio de Janeiro, RJ, Brasil",b21f7813f42f,-22.9531726,-43.3715825,ok,nominatim,,neighborhood,"JACAREPAGUA, Rio de Janeiro, RJ, Brasil"
"GAL OLIVIO UZEDA, RUA",JACAREPAGUA,Terça-Feira,07:00 H ÀS 14:30 H,16-Jacarépaguá,Rio de Janeiro,RJ,Brasil,"GAL OLIVIO UZEDA, RUA, JACAREPAGUA, Rio de Janeiro, RJ, Brasil",41517de685fb,-22.9531726,-43.3715825,ok,nominatim,,neighborhood,"JACAREPAGUA, Rio de Janeiro, RJ, Brasil"
"VOSSIO BRIGIDO, RUA GAL.",JACAREPAGUA,Quarta-Feira,07:00 H ÀS 14:30 H,16-Jacarépaguá,Rio de Janeiro,RJ,Brasil,"VOSSIO BRIGIDO, RUA GAL., JACAREPAGUA, Rio de Janeiro, RJ, Brasil",ae04aaeaa248,-22.9531726,-43.3715825,ok,nominatim,,neighborhood,"JACAREPAGUA, Rio de Janeiro, RJ, Brasil"
"ENG. SOUZA FILHO, AVN",JACAREPAGUA,Domingo,07:00 H ÀS 14:30 H,16-Jacarépaguá,Rio de Janeiro,RJ,Brasil,"ENG. SOUZA FILHO, AVN, JACAREPAGUA, Rio de Janeiro, RJ, Brasil",d62748e58826,-22.9531726,-43.3715825,ok,nominatim,,neighborhood,"JACAREPAGUA, Rio de Janeiro, RJ, Brasil"
AVENIDA DAS LAGOAS,GARDENIA AZUL,Sábado,07:00 H ÀS 14:30 H,16-Jacarépaguá,Rio de Janeiro,RJ,Brasil,"AVENIDA DAS LAGOAS, GARDENIA AZUL, Rio de Janeiro, RJ, Brasil",206a485b24c8,-22.9583617,-43.3445873,ok,nominatim,,neighborhood,"AVENIDA DAS LAGOAS, GARDENIA AZUL, Rio de Janeiro, RJ, Brasil"
RUA EDGARD CAVALEIRO,CIDADE DE DEUS,Domingo,07:00 H ÀS 14:30 H,34-Cidade de Deus,Rio de Janeiro,RJ,Brasil,"RUA EDGARD CAVALEIRO, CIDADE DE DEUS, Rio de Janeiro, RJ, Brasil",616e2deb9060,-22.94803,-43.362903,ok,nominatim,,neighborhood,"CIDADE DE DEUS, Rio de Janeiro, RJ, Brasil"
RUA MOISES,CIDADE DE DEUS,Quarta-Feira,07:00 H ÀS 14:30 H,34-Cidade de Deus,Rio de Janeiro,RJ,Brasil,"RUA MOISES, CIDADE DE DEUS, Rio de Janeiro, RJ, Brasil",e4ab41b579eb,-22.9480908,-43.3592755,ok,nominatim,,street,"RUA MOISES, CIDADE DE DEUS, Rio de Janeiro, RJ, Brasil"
"ARAGUAIA,RUA",FREGUESIA(JACAREPAGUA),Terça-Feira,07:00 H ÀS 14:30 H,16-Jacarépaguá,Rio de Janeiro,RJ,Brasil,"ARAGUAIA,RUA, FREGUESIA(JACAREPAGUA), Rio de Janeiro, RJ, Brasil",6cfd11e96472,-22.9343093,-43.3347313,ok,nominatim,,street,"ARAGUAIA,RUA, FREGUESIA(JACAREPAGUA), Rio de Janeiro, RJ, Brasil"
"ARIAPO, RUA",TAQUARA,Quinta-Feira,07:00 H ÀS 14:30 H,16-Jacarépaguá,Rio de Janeiro,RJ,Brasil,"ARIAPO, RUA, TAQUARA, Rio de Janeiro, RJ, Brasil",aa7372ee8773,-22.9218864,-43.384646,ok,nominatim,,neighborhood,"TAQUARA, Rio de Janeiro, RJ, Brasil"
RUA JOSÉ PERIGAULT,TAQUARA,Quarta-Feira,07:00 H ÀS 14:30 H,16-Jacarépaguá,Rio de Janeiro,RJ,Brasil,"RUA JOSÉ PERIGAULT, TAQUARA, Rio de Janeiro, RJ, Brasil",a4de7fb31867,-22.9347662,-43.3689929,ok,nominatim,,street,"RUA JOSÉ PERIGAULT, TAQUARA, Rio de Janeiro, RJ, Brasil"
RUAS ALEXANDRE RAMOS E CORONEL TEDIM,TANQUE,Quarta-Feira,07:00 H ÀS 14:30 H,16-Jacarépaguá,Rio de Janeiro,RJ,Brasil,"RUAS ALEXANDRE RAMOS E CORONEL TEDIM, TANQUE, Rio de Janeiro, RJ, Brasil",711399a943a5,-22.9151927,-43.3557471,ok,nominatim,,neighborhood,"TANQUE, Rio de Janeiro, RJ, Brasil"
RUA BARÃO,PRACA SECA,Domingo,07:00 H ÀS 14:30 H,16-Jacarépaguá,Rio de Janeiro,RJ,Brasil,"RUA BARÃO, PRACA SECA, Rio de Janeiro, RJ, Brasil",c434ad977eac,-22.8950665,-43.3572692,ok,nominatim,,street,"RUA BARÃO, PRACA SECA, Rio de Janeiro, RJ, Brasil"
"DAS MARGARIDAS, RUA",VILA VALQUEIRE,Quinta-Feira,07:00 H ÀS 14:30 H,16-Jacarépaguá,Rio de Janeiro,RJ,Brasil,"DAS MARGARIDAS, RUA, VILA VALQUEIRE, Rio de Janeiro, RJ, Brasil",f4363c6252f1,-22.8886093,-43.3657758,ok,nominatim,,neighborhood,"VILA VALQUEIRE, Rio de Janeiro, RJ, Brasil"
"JAMBEIRO, AVN",VILA VALQUEIRE,Domingo,07:00 H ÀS 14:30 H,16-Jacarépaguá,Rio de Janeiro,RJ,Brasil,"JAMBEIRO, AVN, VILA VALQUEIRE, Rio de Janeiro, RJ, Brasil",55891316f342,-22.8886093,-43.3657758,ok,nominatim,,neighborhood,"VILA VALQUEIRE, Rio de Janeiro, RJ, Brasil"
"SAO PERPETUO, PCA",BARRA DA TIJUCA,Domingo,07:00 H ÀS 13:00 H,24-Barra da Tijuca,Rio de Janeiro,RJ,Brasil,"SAO PERPETUO, PCA, BARRA DA TIJUCA, Rio de Janeiro, RJ, Brasil",49a74441253c,-22.9997404,-43.3659929,ok,nominatim,,neighborhood,"BARRA DA TIJUCA, Rio de Janeiro, RJ, Brasil"
"SAO PERPETUO, PRC",BARRA DA TIJUCA,Quinta-Feira,07:00 H ÀS 13:00 H,24-Barra da Tijuca,Rio de Janeiro,RJ,Brasil,"SAO PERPETUO, PRC, BARRA DA TIJUCA, Rio de Janeiro, RJ, Brasil",e5d4b4bfdc87,-22.9997404,-43.3659929,ok,nominatim,,neighborhood,"BARRA DA TIJUCA, Rio de Janeiro, RJ, Brasil"
"OLIMPIO DE CASTRO, RUA",CAMPO DOS AFONSOS,Quarta-Feira,07:00 H ÀS 14:30 H,33-Realengo,Rio de Janeiro,RJ,Brasil,"OLIMPIO DE CASTRO, RUA, CAMPO DOS AFONSOS, Rio de Janeiro, RJ, Brasil",d293921ca16d,-22.8795186,-43.3803636,ok,nominatim,,neighborhood,"CAMPO DOS AFONSOS, Rio de Janeiro, RJ, Brasil"
"ABRANTES, RUA",MAGALHAES BASTOS,Sexta-Feira,07:00 H ÀS 14:30 H,33-Realengo,Rio de Janeiro,RJ,Brasil,"ABRANTES, RUA, MAGALHAES BASTOS, Rio de Janeiro, RJ, Brasil",af4a374dc35e,-22.8725117,-43.4136384,ok,nominatim,,neighborhood,"MAGALHAES BASTOS, Rio de Janeiro, RJ, Brasil"
"SAO CAETANO, RUA",MAGALHAES BASTOS,Terça-Feira,07:00 H ÀS 14:30 H,33-Realengo,Rio de Janeiro,RJ,Brasil,"SAO CAETANO, RUA, MAGALHAES BASTOS, Rio de Janeiro, RJ, Brasil",54c56a673482,-22.8725117,-43.4136384,ok,nominatim,,neighborhood,"MAGALHAES BASTOS, Rio de Janeiro, RJ, Brasil"
"MAL MODESTINO, RUA",REALENGO,Domingo,07:00 H ÀS 14:30 H,33-Realengo,Rio de Janeiro,RJ,Brasil,"MAL MODESTINO, RUA, REALENGO, Rio de Janeiro, RJ, Brasil",6d9ab8ff65a8,-22.8701673,-43.4332039,ok,nominatim,,street,"MAL MODESTINO, RUA, REALENGO, Rio de Janeiro, RJ, Brasil"
"EUNAPIO DEIRO, RUA",REALENGO,Sábado,07:00 H ÀS 14:30 H,33-Realengo,Rio de Janeiro,RJ,Brasil,"EUNAPIO DEIRO, RUA, REALENGO, Rio de Janeiro, RJ, Brasil",79dcfc880f26,-22.8772743,-43.4301032,ok,nominatim,,neighborhood,"REALENGO, Rio de Janeiro, RJ, Brasil"
"MANUEL NOGUEIRA DE SA, ETR",REALENGO,Domingo,07:00 H ÀS 14:30 H,33-Realengo,Rio de Janeiro,RJ,Brasil,"MANUEL NOGUEIRA DE SA, ETR, REALENGO, Rio de Janeiro, RJ, Brasil",5b9ef899c45e,-22.8772743,-43.4301032,ok,nominatim,,neighborhood,"REALENGO, Rio de Janeiro, RJ, Brasil"
"HELIANTO, RUA",PADRE MIGUEL,Sábado,07:00 H ÀS 14:30 H,17-Bangu,Rio de Janeiro,RJ,Brasil,"HELIANTO, RUA, PADRE MIGUEL, Rio de Janeiro, RJ, Brasil",eeaad6a9b03b,-22.8788135,-43.4485569,ok,nominatim,,neighborhood,"PADRE MIGUEL, Rio de Janeiro, RJ, Brasil"
"IGUATAMA, PRÇ",BANGU,Sábado,07:00 H ÀS 14:30 H,17-Bangu,Rio de Janeiro,RJ,Brasil,"IGUATAMA, PRÇ, BANGU, Rio de Janeiro, RJ, Brasil",5ea4e98dcee9,-22.8753053,-43.4648805,ok,nominatim,,neighborhood,"BANGU, Rio de Janeiro, RJ, Brasil"
"PROF CLEMENTE FERREIRA, RUA",BANGU,Domingo,07:00 H ÀS 14:30 H,17-Bangu,Rio de Janeiro,RJ,Brasil,"PROF CLEMENTE FERREIRA, RUA, BANGU, Rio de Janeiro, RJ, Brasil",a607f159cd87,-22.8753053,-43.4648805,ok,nominatim,,neighborhood,"BANGU, Rio de Janeiro, RJ, Brasil"
"MAL MARCIANO, RUA",BANGU,Quarta-Feira,07:00 H ÀS 14:30 H,17-Bangu,Rio de Janeiro,RJ,Brasil,"MAL MARCIANO, RUA, BANGU, Rio de Janeiro, RJ, Brasil",50e6c2b93b73,-22.8753053,-43.4648805,ok,nominatim,,neighborhood,"BANGU, Rio de Janeiro, RJ, Brasil"
"CHERBURGO, RUA",BANGU,Domingo,07:00 H ÀS 14:30 H,17-Bangu,Rio de Janeiro,RJ,Brasil,"CHERBURGO, RUA, BANGU, Rio de Janeiro, RJ, Brasil",a7c2a25d716f,-22.8753053,-43.4648805,ok,nominatim,,neighborhood,"BANGU, Rio de Janeiro, RJ, Brasil"
"URUCUM, RUA",BANGU,Quinta-Feira,07:00 H ÀS 14:30 H,17-Bangu,Rio de Janeiro,RJ,Brasil,"URUCUM, RUA, BANGU, Rio de Janeiro, RJ, Brasil",0901d39e125a,-22.8753053,-43.4648805,ok,nominatim,,neighborhood,"BANGU, Rio de Janeiro, RJ, Brasil"
"CARNAUBA, RUA",SENADOR CAMARA,Domingo,07:00 H ÀS 14:30 H,17-Bangu,Rio de Janeiro,RJ,Brasil,"CARNAUBA, RUA, SENADOR CAMARA, Rio de Janeiro, RJ, Brasil",196d48f229f9,-22.888752,-43.4913887,ok,nominatim,,neighborhood,"SENADOR CAMARA, Rio de Janeiro, RJ, Brasil"
"CAMPO MAIOR / AV MARIANA, RUA",CAMPO GRANDE,Terça-Feira,07:00 H ÀS 14:30 H,18-Campo Grande,Rio de Janeiro,RJ,Brasil,"CAMPO MAIOR / AV MARIANA, RUA, CAMPO GRANDE, Rio de Janeiro, RJ, Brasil",2d7f2259c791,-22.902953,-43.5591295,ok,nominatim,,neighborhood,"CAMPO GRANDE, Rio de Janeiro, RJ, Brasil"
"LAUDELINO VIEIRA DE CAMPOS, RUA",CAMPO GRANDE,Domingo,07:00 H ÀS 14:30 H,18-Campo Grande,Rio de Janeiro,RJ,Brasil,"LAUDELINO VIEIRA DE CAMPOS, RUA, CAMPO GRANDE, Rio de Janeiro, RJ, Brasil",5722e269a765,-22.902953,-43.5591295,ok,nominatim,,neighborhood,"CAMPO GRANDE, Rio de Janeiro, RJ, Brasil"
"CAMPEIRO-MOR, RUA",SANTA CRUZ,Terça-Feira,07:00 H ÀS 14:30 H,19-Santa Cruz,Rio de Janeiro,RJ,Brasil,"CAMPEIRO-MOR, RUA, SANTA CRUZ, Rio de Janeiro, RJ, Brasil",ca29318ff097,-22.9176248,-43.6834907,ok,nominatim,,neighborhood,"SANTA CRUZ, Rio de Janeiro, RJ, Brasil"
"FLORESTA, RUA",SEPETIBA,Sábado,07:00 H ÀS 14:30 H,19-Santa Cruz,Rio de Janeiro,RJ,Brasil,"FLORESTA, RUA, SEPETIBA, Rio de Janeiro, RJ, Brasil",74547a91b526,-22.9679803,-43.6940872,ok,nominatim,,neighborhood,"SEPETIBA, Rio de Janeiro, RJ, Brasil"
"ROBERTO DA SILVEIRA, RUA/PARQUE UNIAO",MARE,Quarta-Feira,07:00 H ÀS 14:30 H,30-Complexo da Maré,Rio de Janeiro,RJ,Brasil,"ROBERTO DA SILVEIRA, RUA/PARQUE UNIAO, MARE, Rio de Janeiro, RJ, Brasil",892096642ace,-22.8592368,-43.2425729,ok,nominatim,,neighborhood,"MARE, Rio de Janeiro, RJ, Brasil"
