bairro,classificacao_grupo,classificacao_cnae,quantidade
ZUMBI,In natura,Açougues / Padarias,3
ZUMBI,In natura,Hortifrutigranjeiros,1
ZUMBI,Misto,Mercearias,1
ZUMBI,Ultraprocessado,Cantinas / Alimentação preparada,10
ZUMBI,Ultraprocessado,Lojas de conveniência / Varejo alimentar,2
ZUMBI,Ultraprocessado,Restaurantes / Lanchonetes,15
ZUMBI,Ultraprocessado,Serviços ambulantes,4
ZONA PORTUARIA,Ultraprocessado,Restaurantes / Lanchonetes,1
VL ISABEL,Ultraprocessado,Restaurantes / Lanchonetes,1
VISTA ALEGRE,In natura,Açougues / Padarias,16
VISTA ALEGRE,In natura,Hortifrutigranjeiros,10
VISTA ALEGRE,In natura,Peixarias,4
VISTA ALEGRE,Misto,Hipermercados,3
VISTA ALEGRE,Misto,Mercearias,8
VISTA ALEGRE,Misto,Supermercados,2
VISTA ALEGRE,Ultraprocessado,Cantinas / Alimentação preparada,58
VISTA ALEGRE,Ultraprocessado,Lojas de conveniência / Varejo alimentar,17
VISTA ALEGRE,Ultraprocessado,Restaurantes / Lanchonetes,107
VISTA ALEGRE,Ultraprocessado,Serviços ambulantes,19
VILADDA PENHA,Misto,Mercearias,1
VILA VALQUEIRE,In natura,Açougues / Padarias,36
VILA VALQUEIRE,In natura,Hortifrutigranjeiros,16
VILA VALQUEIRE,In natura,Peixarias,9
VILA VALQUEIRE,Misto,Hipermercados,10
VILA VALQUEIRE,Misto,Mercearias,37
VILA VALQUEIRE,Misto,Supermercados,2
VILA VALQUEIRE,Ultraprocessado,Cantinas / Alimentação preparada,173
VILA VALQUEIRE,Ultraprocessado,Lojas de conveniência / Varejo alimentar,30
VILA VALQUEIRE,Ultraprocessado,Restaurantes / Lanchonetes,228
VILA VALQUEIRE,Ultraprocessado,Serviços ambulantes,54
VILA MILITAR/DEODORO,Ultraprocessado,Cantinas / Alimentação preparada,1
VILA MILITAR,In natura,Açougues / Padarias,4
VILA MILITAR,In natura,Hortifrutigranjeiros,3
VILA MILITAR,In natura,Peixarias,1
VILA MILITAR,Misto,Mercearias,4
VILA MILITAR,Ultraprocessado,Cantinas / Alimentação preparada,24
VILA MILITAR,Ultraprocessado,Lojas de conveniência / Varejo alimentar,3
VILA MILITAR,Ultraprocessado,Restaurantes / Lanchonetes,14
VILA MILITAR,Ultraprocessado,Serviços ambulantes,5
VILA KOSMOS,In natura,Açougues / Padarias,12
VILA KOSMOS,In natura,Hortifrutigranjeiros,4
VILA KOSMOS,In natura,Peixarias,4
VILA KOSMOS,Misto,Hipermercados,4
VILA KOSMOS,Misto,Mercearias,17
VILA KOSMOS,Ultraprocessado,Cantinas / Alimentação preparada,68
VILA KOSMOS,Ultraprocessado,Lojas de conveniência / Varejo alimentar,10
VILA KOSMOS,Ultraprocessado,Restaurantes / Lanchonetes,61
VILA KOSMOS,Ultraprocessado,Serviços ambulantes,16
VILA KENNEDY-BANGU,Ultraprocessado,Lojas de conveniência / Varejo alimentar,1
VILA KENNEDY,Ultraprocessado,Restaurantes / Lanchonetes,1
VILA IZABEL,Misto,Hipermercados,1
VILA IZABEL,Ultraprocessado,Cantinas / Alimentação preparada,2
VILA IZABEL,Ultraprocessado,Lojas de conveniência / Varejo alimentar,1
VILA IZABEL,Ultraprocessado,Restaurantes / Lanchonetes,7
VILA ISABEL,In natura,Açougues / Padarias,68
VILA ISABEL,In natura,Hortifrutigranjeiros,15
VILA ISABEL,In natura,Peixarias,15
VILA ISABEL,Misto,Hipermercados,23
VILA ISABEL,Misto,Mercearias,58
VILA ISABEL,Misto,Supermercados,6
VILA ISABEL,Ultraprocessado,Cantinas / Alimentação preparada,331
VILA ISABEL,Ultraprocessado,Lojas de conveniência / Varejo alimentar,52
VILA ISABEL,Ultraprocessado,Restaurantes / Lanchonetes,323
VILA ISABEL,Ultraprocessado,Serviços ambulantes,62
VILA DO JOAO,Misto,Mercearias,1
VILA DA PENHHA,In natura,Hortifrutigranjeiros,1
VILA DA PENHA,In natura,Açougues / Padarias,26
VILA DA PENHA,In natura,Hortifrutigranjeiros,6
VILA DA PENHA,In natura,Peixarias,8
VILA DA PENHA,Misto,Hipermercados,26
VILA DA PENHA,Misto,Mercearias,42
VILA DA PENHA,Misto,Supermercados,3
VILA DA PENHA,Ultraprocessado,Cantinas / Alimentação preparada,153
VILA DA PENHA,Ultraprocessado,Lojas de conveniência / Varejo alimentar,40
VILA DA PENHA,Ultraprocessado,Restaurantes / Lanchonetes,235
VILA DA PENHA,Ultraprocessado,Serviços ambulantes,51
VILA DA PAZ - ITANHANGA,Misto,Mercearias,1
VILA COSMOS,Ultraprocessado,Lojas de conveniência / Varejo alimentar,1
VILA ALIANCA - BANGU,In natura,Peixarias,1
VILA ALIANCA,In natura,Açougues / Padarias,1
VILA  VALQUEIRE,In natura,Açougues / Padarias,1
VILA  VALQUEIRE,Ultraprocessado,Restaurantes / Lanchonetes,1
VILA  ISABEL,Misto,Mercearias,1
VILA  ISABEL,Ultraprocessado,Restaurantes / Lanchonetes,1
VIGARIO GERAL,In natura,Açougues / Padarias,20
VIGARIO GERAL,In natura,Hortifrutigranjeiros,16
VIGARIO GERAL,In natura,Peixarias,4
VIGARIO GERAL,Misto,Hipermercados,12
VIGARIO GERAL,Misto,Mercearias,49
VIGARIO GERAL,Ultraprocessado,Cantinas / Alimentação preparada,128
VIGARIO GERAL,Ultraprocessado,Lojas de conveniência / Varejo alimentar,18
VIGARIO GERAL,Ultraprocessado,Restaurantes / Lanchonetes,93
VIGARIO GERAL,Ultraprocessado,Serviços ambulantes,45
VIERIRA FAZENDA,In natura,Peixarias,1
VIEIRA FAZENDA,Misto,Mercearias,1
VIDIGAL,In natura,Açougues / Padarias,10
VIDIGAL,In natura,Hortifrutigranjeiros,9
VIDIGAL,In natura,Peixarias,2
VIDIGAL,Misto,Hipermercados,3
VIDIGAL,Misto,Mercearias,30
VIDIGAL,Ultraprocessado,Cantinas / Alimentação preparada,68
VIDIGAL,Ultraprocessado,Lojas de conveniência / Varejo alimentar,7
VIDIGAL,Ultraprocessado,Restaurantes / Lanchonetes,86
VIDIGAL,Ultraprocessado,Serviços ambulantes,20
VICENTE DE CARVALHO,In natura,Açougues / Padarias,31
VICENTE DE CARVALHO,In natura,Hortifrutigranjeiros,9
VICENTE DE CARVALHO,In natura,Peixarias,5
VICENTE DE CARVALHO,Misto,Hipermercados,8
VICENTE DE CARVALHO,Misto,Mercearias,24
VICENTE DE CARVALHO,Misto,Supermercados,5
VICENTE DE CARVALHO,Ultraprocessado,Cantinas / Alimentação preparada,134
VICENTE DE CARVALHO,Ultraprocessado,Lojas de conveniência / Varejo alimentar,15
VICENTE DE CARVALHO,Ultraprocessado,Restaurantes / Lanchonetes,169
VICENTE DE CARVALHO,Ultraprocessado,Serviços ambulantes,40
VAZ LOBO,In natura,Açougues / Padarias,16
VAZ LOBO,In natura,Hortifrutigranjeiros,8
VAZ LOBO,In natura,Peixarias,6
VAZ LOBO,Misto,Hipermercados,6
VAZ LOBO,Misto,Mercearias,8
VAZ LOBO,Ultraprocessado,Cantinas / Alimentação preparada,67
VAZ LOBO,Ultraprocessado,Lojas de conveniência / Varejo alimentar,17
VAZ LOBO,Ultraprocessado,Restaurantes / Lanchonetes,87
VAZ LOBO,Ultraprocessado,Serviços ambulantes,25
VASCO DA GAMA,In natura,Açougues / Padarias,4
VASCO DA GAMA,In natura,Hortifrutigranjeiros,1
VASCO DA GAMA,In natura,Peixarias,2
VASCO DA GAMA,Misto,Hipermercados,4
VASCO DA GAMA,Misto,Mercearias,15
VASCO DA GAMA,Ultraprocessado,Cantinas / Alimentação preparada,20
VASCO DA GAMA,Ultraprocessado,Lojas de conveniência / Varejo alimentar,6
VASCO DA GAMA,Ultraprocessado,Restaurantes / Lanchonetes,28
VASCO DA GAMA,Ultraprocessado,Serviços ambulantes,3
VARGEM PEQUENA,In natura,Açougues / Padarias,18
VARGEM PEQUENA,In natura,Hortifrutigranjeiros,23
VARGEM PEQUENA,In natura,Peixarias,2
VARGEM PEQUENA,Misto,Hipermercados,6
VARGEM PEQUENA,Misto,Mercearias,47
VARGEM PEQUENA,Misto,Supermercados,2
VARGEM PEQUENA,Ultraprocessado,Cantinas / Alimentação preparada,147
VARGEM PEQUENA,Ultraprocessado,Lojas de conveniência / Varejo alimentar,44
VARGEM PEQUENA,Ultraprocessado,Restaurantes / Lanchonetes,135
VARGEM PEQUENA,Ultraprocessado,Serviços ambulantes,41
VARGEM GRANDE,In natura,Açougues / Padarias,23
VARGEM GRANDE,In natura,Hortifrutigranjeiros,15
VARGEM GRANDE,In natura,Peixarias,6
VARGEM GRANDE,Misto,Hipermercados,9
VARGEM GRANDE,Misto,Mercearias,42
VARGEM GRANDE,Misto,Supermercados,1
VARGEM GRANDE,Ultraprocessado,Cantinas / Alimentação preparada,135
VARGEM GRANDE,Ultraprocessado,Lojas de conveniência / Varejo alimentar,39
VARGEM GRANDE,Ultraprocessado,Restaurantes / Lanchonetes,173
VARGEM GRANDE,Ultraprocessado,Serviços ambulantes,34
VALQUEIRE,Ultraprocessado,Restaurantes / Lanchonetes,1
URCA,In natura,Açougues / Padarias,4
URCA,In natura,Hortifrutigranjeiros,1
URCA,Misto,Hipermercados,3
URCA,Misto,Mercearias,8
URCA,Ultraprocessado,Cantinas / Alimentação preparada,19
URCA,Ultraprocessado,Lojas de conveniência / Varejo alimentar,5
URCA,Ultraprocessado,Restaurantes / Lanchonetes,36
URCA,Ultraprocessado,Serviços ambulantes,15
TURIACU,In natura,Açougues / Padarias,16
TURIACU,In natura,Hortifrutigranjeiros,11
TURIACU,In natura,Peixarias,4
TURIACU,Misto,Hipermercados,1
TURIACU,Misto,Mercearias,17
TURIACU,Ultraprocessado,Cantinas / Alimentação preparada,83
TURIACU,Ultraprocessado,Lojas de conveniência / Varejo alimentar,15
TURIACU,Ultraprocessado,Restaurantes / Lanchonetes,74
TURIACU,Ultraprocessado,Serviços ambulantes,24
TUBIACANGA,In natura,Açougues / Padarias,2
TUBIACANGA,In natura,Hortifrutigranjeiros,3
TUBIACANGA,In natura,Peixarias,1
TUBIACANGA,Misto,Hipermercados,1
TUBIACANGA,Misto,Mercearias,1
TUBIACANGA,Ultraprocessado,Cantinas / Alimentação preparada,12
TUBIACANGA,Ultraprocessado,Lojas de conveniência / Varejo alimentar,1
TUBIACANGA,Ultraprocessado,Restaurantes / Lanchonetes,19
TUBIACANGA,Ultraprocessado,Serviços ambulantes,1
TRIAGEM,Ultraprocessado,Restaurantes / Lanchonetes,1
TOMAS COELHO,In natura,Açougues / Padarias,21
TOMAS COELHO,In natura,Hortifrutigranjeiros,11
TOMAS COELHO,In natura,Peixarias,4
TOMAS COELHO,Misto,Hipermercados,2
TOMAS COELHO,Misto,Mercearias,22
TOMAS COELHO,Ultraprocessado,Cantinas / Alimentação preparada,89
TOMAS COELHO,Ultraprocessado,Lojas de conveniência / Varejo alimentar,11
TOMAS COELHO,Ultraprocessado,Restaurantes / Lanchonetes,49
TOMAS COELHO,Ultraprocessado,Serviços ambulantes,28
TODOS OS SANTOS,In natura,Açougues / Padarias,22
TODOS OS SANTOS,In natura,Hortifrutigranjeiros,10
TODOS OS SANTOS,In natura,Peixarias,6
TODOS OS SANTOS,Misto,Hipermercados,6
TODOS OS SANTOS,Misto,Mercearias,23
TODOS OS SANTOS,Ultraprocessado,Cantinas / Alimentação preparada,122
TODOS OS SANTOS,Ultraprocessado,Lojas de conveniência / Varejo alimentar,22
TODOS OS SANTOS,Ultraprocessado,Restaurantes / Lanchonetes,77
TODOS OS SANTOS,Ultraprocessado,Serviços ambulantes,23
TIJUCA,In natura,Açougues / Padarias,153
TIJUCA,In natura,Hortifrutigranjeiros,48
TIJUCA,In natura,Peixarias,26
TIJUCA,Misto,Hipermercados,63
TIJUCA,Misto,Mercearias,80
TIJUCA,Misto,Supermercados,19
TIJUCA,Ultraprocessado,Cantinas / Alimentação preparada,520
TIJUCA,Ultraprocessado,Lojas de conveniência / Varejo alimentar,148
TIJUCA,Ultraprocessado,Restaurantes / Lanchonetes,854
TIJUCA,Ultraprocessado,Serviços ambulantes,98
THOMAZ COELHO,Misto,Mercearias,1
THOMAZ COELHO,Ultraprocessado,Restaurantes / Lanchonetes,1
TAUA,In natura,Açougues / Padarias,27
TAUA,In natura,Hortifrutigranjeiros,15
TAUA,In natura,Peixarias,4
TAUA,Misto,Hipermercados,1
TAUA,Misto,Mercearias,49
TAUA,Ultraprocessado,Cantinas / Alimentação preparada,99
TAUA,Ultraprocessado,Lojas de conveniência / Varejo alimentar,12
TAUA,Ultraprocessado,Restaurantes / Lanchonetes,134
TAUA,Ultraprocessado,Serviços ambulantes,37
TAQUARA/JACAREPAGUA,Ultraprocessado,Cantinas / Alimentação preparada,1
TAQUARA/JACAREPAGUA,Ultraprocessado,Restaurantes / Lanchonetes,1
TAQUARA-JACAREPAGUA,Misto,Mercearias,1
TAQUARA / RJ,Ultraprocessado,Restaurantes / Lanchonetes,1
TAQUARA - JACAREPAGUA,Ultraprocessado,Restaurantes / Lanchonetes,2
TAQUARA,In natura,Açougues / Padarias,137
TAQUARA,In natura,Hortifrutigranjeiros,64
TAQUARA,In natura,Peixarias,32
TAQUARA,Misto,Hipermercados,53
TAQUARA,Misto,Mercearias,133
TAQUARA,Misto,Supermercados,11
TAQUARA,Ultraprocessado,Cantinas / Alimentação preparada,810
TAQUARA,Ultraprocessado,Lojas de conveniência / Varejo alimentar,149
TAQUARA,Ultraprocessado,Restaurantes / Lanchonetes,776
TAQUARA,Ultraprocessado,Serviços ambulantes,176
TANQUE,In natura,Açougues / Padarias,26
TANQUE,In natura,Hortifrutigranjeiros,27
TANQUE,In natura,Peixarias,7
TANQUE,Misto,Hipermercados,14
TANQUE,Misto,Mercearias,35
TANQUE,Misto,Supermercados,2
TANQUE,Ultraprocessado,Cantinas / Alimentação preparada,203
TANQUE,Ultraprocessado,Lojas de conveniência / Varejo alimentar,35
TANQUE,Ultraprocessado,Restaurantes / Lanchonetes,164
TANQUE,Ultraprocessado,Serviços ambulantes,48
SULACAP,In natura,Açougues / Padarias,2
SULACAP,Misto,Mercearias,3
SULACAP,Ultraprocessado,Lojas de conveniência / Varejo alimentar,1
SULACAP,Ultraprocessado,Restaurantes / Lanchonetes,3
STA. LUZIA - VARGEM PEQUENA,In natura,Açougues / Padarias,1
STA TERESA,Misto,Mercearias,1
STA CRUZ,Misto,Supermercados,1
STA CRUZ,Ultraprocessado,Lojas de conveniência / Varejo alimentar,1
SEPETIBA,In natura,Açougues / Padarias,89
SEPETIBA,In natura,Hortifrutigranjeiros,18
SEPETIBA,In natura,Peixarias,19
SEPETIBA,Misto,Hipermercados,24
SEPETIBA,Misto,Mercearias,100
SEPETIBA,Misto,Supermercados,2
SEPETIBA,Ultraprocessado,Cantinas / Alimentação preparada,217
SEPETIBA,Ultraprocessado,Lojas de conveniência / Varejo alimentar,48
SEPETIBA,Ultraprocessado,Restaurantes / Lanchonetes,273
SEPETIBA,Ultraprocessado,Serviços ambulantes,59
SENADOR VASCONCELOS,In natura,Açougues / Padarias,39
SENADOR VASCONCELOS,In natura,Hortifrutigranjeiros,13
SENADOR VASCONCELOS,In natura,Peixarias,10
SENADOR VASCONCELOS,Misto,Hipermercados,6
SENADOR VASCONCELOS,Misto,Mercearias,36
SENADOR VASCONCELOS,Misto,Supermercados,1
SENADOR VASCONCELOS,Ultraprocessado,Cantinas / Alimentação preparada,114
SENADOR VASCONCELOS,Ultraprocessado,Lojas de conveniência / Varejo alimentar,36
SENADOR VASCONCELOS,Ultraprocessado,Restaurantes / Lanchonetes,136
SENADOR VASCONCELOS,Ultraprocessado,Serviços ambulantes,40
SENADOR CAMARAS,Ultraprocessado,Restaurantes / Lanchonetes,1
SENADOR CAMARA,In natura,Açougues / Padarias,74
SENADOR CAMARA,In natura,Hortifrutigranjeiros,43
SENADOR CAMARA,In natura,Peixarias,19
SENADOR CAMARA,Misto,Hipermercados,21
SENADOR CAMARA,Misto,Mercearias,128
SENADOR CAMARA,Misto,Supermercados,3
SENADOR CAMARA,Ultraprocessado,Cantinas / Alimentação preparada,264
SENADOR CAMARA,Ultraprocessado,Lojas de conveniência / Varejo alimentar,65
SENADOR CAMARA,Ultraprocessado,Restaurantes / Lanchonetes,301
SENADOR CAMARA,Ultraprocessado,Serviços ambulantes,99
SEN VASCONCELOS,Ultraprocessado,Serviços ambulantes,1
SAUDE,In natura,Hortifrutigranjeiros,3
SAUDE,Misto,Hipermercados,4
SAUDE,Misto,Mercearias,7
SAUDE,Misto,Supermercados,2
SAUDE,Ultraprocessado,Cantinas / Alimentação preparada,18
SAUDE,Ultraprocessado,Lojas de conveniência / Varejo alimentar,6
SAUDE,Ultraprocessado,Restaurantes / Lanchonetes,100
SAUDE,Ultraprocessado,Serviços ambulantes,16
SAO FRANCISCO XAVIER,In natura,Açougues / Padarias,7
SAO FRANCISCO XAVIER,In natura,Hortifrutigranjeiros,3
SAO FRANCISCO XAVIER,In natura,Peixarias,2
SAO FRANCISCO XAVIER,Misto,Mercearias,4
SAO FRANCISCO XAVIER,Misto,Supermercados,1
SAO FRANCISCO XAVIER,Ultraprocessado,Cantinas / Alimentação preparada,37
SAO FRANCISCO XAVIER,Ultraprocessado,Lojas de conveniência / Varejo alimentar,6
SAO FRANCISCO XAVIER,Ultraprocessado,Restaurantes / Lanchonetes,42
SAO FRANCISCO XAVIER,Ultraprocessado,Serviços ambulantes,7
SAO FRANC XAVIER,Ultraprocessado,Serviços ambulantes,1
SAO CRISTOVAO RJ,Ultraprocessado,Restaurantes / Lanchonetes,1
SAO CRISTOVAO,In natura,Açougues / Padarias,49
SAO CRISTOVAO,In natura,Hortifrutigranjeiros,28
SAO CRISTOVAO,In natura,Peixarias,17
SAO CRISTOVAO,Misto,Hipermercados,26
SAO CRISTOVAO,Misto,Mercearias,70
SAO CRISTOVAO,Misto,Supermercados,5
SAO CRISTOVAO,Ultraprocessado,Cantinas / Alimentação preparada,264
SAO CRISTOVAO,Ultraprocessado,Lojas de conveniência / Varejo alimentar,71
SAO CRISTOVAO,Ultraprocessado,Restaurantes / Lanchonetes,520
SAO CRISTOVAO,Ultraprocessado,Serviços ambulantes,77
SAO CONRADO,In natura,Açougues / Padarias,17
SAO CONRADO,In natura,Hortifrutigranjeiros,3
SAO CONRADO,In natura,Peixarias,1
SAO CONRADO,Misto,Hipermercados,8
SAO CONRADO,Misto,Mercearias,5
SAO CONRADO,Misto,Supermercados,3
SAO CONRADO,Ultraprocessado,Cantinas / Alimentação preparada,29
SAO CONRADO,Ultraprocessado,Lojas de conveniência / Varejo alimentar,9
SAO CONRADO,Ultraprocessado,Restaurantes / Lanchonetes,79
SAO CONRADO,Ultraprocessado,Serviços ambulantes,14
SANTO CRISTO,In natura,Açougues / Padarias,21
SANTO CRISTO,In natura,Hortifrutigranjeiros,5
SANTO CRISTO,In natura,Peixarias,3
SANTO CRISTO,Misto,Hipermercados,3
SANTO CRISTO,Misto,Mercearias,21
SANTO CRISTO,Misto,Supermercados,1
SANTO CRISTO,Ultraprocessado,Cantinas / Alimentação preparada,75
SANTO CRISTO,Ultraprocessado,Lojas de conveniência / Varejo alimentar,16
SANTO CRISTO,Ultraprocessado,Restaurantes / Lanchonetes,110
SANTO CRISTO,Ultraprocessado,Serviços ambulantes,31
SANTISSIMO,In natura,Açougues / Padarias,46
SANTISSIMO,In natura,Hortifrutigranjeiros,19
SANTISSIMO,In natura,Peixarias,21
SANTISSIMO,Misto,Hipermercados,9
SANTISSIMO,Misto,Mercearias,86
SANTISSIMO,Misto,Supermercados,2
SANTISSIMO,Ultraprocessado,Cantinas / Alimentação preparada,205
SANTISSIMO,Ultraprocessado,Lojas de conveniência / Varejo alimentar,34
SANTISSIMO,Ultraprocessado,Restaurantes / Lanchonetes,217
SANTISSIMO,Ultraprocessado,Serviços ambulantes,67
SANTA TEREZA,Misto,Mercearias,2
SANTA TEREZA,Ultraprocessado,Cantinas / Alimentação preparada,3
SANTA TEREZA,Ultraprocessado,Lojas de conveniência / Varejo alimentar,1
SANTA TEREZA,Ultraprocessado,Restaurantes / Lanchonetes,5
SANTA TERESA,In natura,Açougues / Padarias,15
SANTA TERESA,In natura,Hortifrutigranjeiros,8
SANTA TERESA,In natura,Peixarias,3
SANTA TERESA,Misto,Hipermercados,6
SANTA TERESA,Misto,Mercearias,39
SANTA TERESA,Misto,Supermercados,2
SANTA TERESA,Ultraprocessado,Cantinas / Alimentação preparada,157
SANTA TERESA,Ultraprocessado,Lojas de conveniência / Varejo alimentar,16
SANTA TERESA,Ultraprocessado,Restaurantes / Lanchonetes,137
SANTA TERESA,Ultraprocessado,Serviços ambulantes,47
SANTA CRUZ DIST IND,Ultraprocessado,Serviços ambulantes,1
SANTA CRUZ,In natura,Açougues / Padarias,214
SANTA CRUZ,In natura,Hortifrutigranjeiros,112
SANTA CRUZ,In natura,Peixarias,62
SANTA CRUZ,Misto,Hipermercados,76
SANTA CRUZ,Misto,Mercearias,395
SANTA CRUZ,Misto,Supermercados,12
SANTA CRUZ,Ultraprocessado,Cantinas / Alimentação preparada,883
SANTA CRUZ,Ultraprocessado,Lojas de conveniência / Varejo alimentar,184
SANTA CRUZ,Ultraprocessado,Restaurantes / Lanchonetes,994
SANTA CRUZ,Ultraprocessado,Serviços ambulantes,266
SAMPAIO/ENG. NOVO,Ultraprocessado,Cantinas / Alimentação preparada,1
SAMPAIO,In natura,Açougues / Padarias,7
SAMPAIO,In natura,Peixarias,3
SAMPAIO,Misto,Hipermercados,3
SAMPAIO,Misto,Mercearias,9
SAMPAIO,Ultraprocessado,Cantinas / Alimentação preparada,43
SAMPAIO,Ultraprocessado,Lojas de conveniência / Varejo alimentar,11
SAMPAIO,Ultraprocessado,Restaurantes / Lanchonetes,60
SAMPAIO,Ultraprocessado,Serviços ambulantes,17
S FRANCISCO XAVIER,Misto,Mercearias,1
S CRISTOVAO,Ultraprocessado,Restaurantes / Lanchonetes,1
ROCINHA - GAVEA,In natura,Açougues / Padarias,1
ROCINHA - GAVEA,Misto,Mercearias,2
ROCINHA,In natura,Açougues / Padarias,23
ROCINHA,In natura,Hortifrutigranjeiros,6
ROCINHA,In natura,Peixarias,12
ROCINHA,Misto,Hipermercados,3
ROCINHA,Misto,Mercearias,67
ROCINHA,Ultraprocessado,Cantinas / Alimentação preparada,61
ROCINHA,Ultraprocessado,Lojas de conveniência / Varejo alimentar,16
ROCINHA,Ultraprocessado,Restaurantes / Lanchonetes,154
ROCINHA,Ultraprocessado,Serviços ambulantes,22
ROCHA MIRANDA,In natura,Açougues / Padarias,47
ROCHA MIRANDA,In natura,Hortifrutigranjeiros,43
ROCHA MIRANDA,In natura,Peixarias,12
ROCHA MIRANDA,Misto,Hipermercados,8
ROCHA MIRANDA,Misto,Mercearias,49
ROCHA MIRANDA,Misto,Supermercados,6
ROCHA MIRANDA,Ultraprocessado,Cantinas / Alimentação preparada,202
ROCHA MIRANDA,Ultraprocessado,Lojas de conveniência / Varejo alimentar,30
ROCHA MIRANDA,Ultraprocessado,Restaurantes / Lanchonetes,197
ROCHA MIRANDA,Ultraprocessado,Serviços ambulantes,50
ROCHA,In natura,Açougues / Padarias,12
ROCHA,In natura,Hortifrutigranjeiros,3
ROCHA,In natura,Peixarias,4
ROCHA,Misto,Mercearias,11
ROCHA,Misto,Supermercados,1
ROCHA,Ultraprocessado,Cantinas / Alimentação preparada,48
ROCHA,Ultraprocessado,Lojas de conveniência / Varejo alimentar,12
ROCHA,Ultraprocessado,Restaurantes / Lanchonetes,39
ROCHA,Ultraprocessado,Serviços ambulantes,12
RIO DE JANEIRO,Misto,Hipermercados,1
RIO DE JANEIRO,Ultraprocessado,Restaurantes / Lanchonetes,2
RIO DAS PEDRAS / JACAREPAGUA,Ultraprocessado,Restaurantes / Lanchonetes,1
RIO DAS PEDRAS - JACAREPAGUA,Misto,Mercearias,1
RIO DAS PEDRAS - AREAL 1- JACAREPAGUA,In natura,Peixarias,1
RIO DAS PEDRAS,In natura,Açougues / Padarias,1
RIO DAS PEDRAS,In natura,Hortifrutigranjeiros,1
RIO DAS PEDRAS,Misto,Mercearias,3
RIO DAS PEDRAS,Misto,Supermercados,1
RIO DAS PEDRAS,Ultraprocessado,Restaurantes / Lanchonetes,1
RIO CUMPRIDO,Ultraprocessado,Restaurantes / Lanchonetes,2
RIO COMPRINDO,Misto,Supermercados,1
RIO COMPRIDO,In natura,Açougues / Padarias,42
RIO COMPRIDO,In natura,Hortifrutigranjeiros,11
RIO COMPRIDO,In natura,Peixarias,9
RIO COMPRIDO,Misto,Hipermercados,10
RIO COMPRIDO,Misto,Mercearias,40
RIO COMPRIDO,Misto,Supermercados,2
RIO COMPRIDO,Ultraprocessado,Cantinas / Alimentação preparada,236
RIO COMPRIDO,Ultraprocessado,Lojas de conveniência / Varejo alimentar,38
RIO COMPRIDO,Ultraprocessado,Restaurantes / Lanchonetes,266
RIO COMPRIDO,Ultraprocessado,Serviços ambulantes,60
RIO  COMPRIDO,Ultraprocessado,Restaurantes / Lanchonetes,1
RICARDO DE ALBUQUERQUE,In natura,Açougues / Padarias,31
RICARDO DE ALBUQUERQUE,In natura,Hortifrutigranjeiros,15
RICARDO DE ALBUQUERQUE,In natura,Peixarias,4
RICARDO DE ALBUQUERQUE,Misto,Hipermercados,4
RICARDO DE ALBUQUERQUE,Misto,Mercearias,41
RICARDO DE ALBUQUERQUE,Misto,Supermercados,2
RICARDO DE ALBUQUERQUE,Ultraprocessado,Cantinas / Alimentação preparada,142
RICARDO DE ALBUQUERQUE,Ultraprocessado,Lojas de conveniência / Varejo alimentar,14
RICARDO DE ALBUQUERQUE,Ultraprocessado,Restaurantes / Lanchonetes,113
RICARDO DE ALBUQUERQUE,Ultraprocessado,Serviços ambulantes,31
RICARDO DE ALBUQUERQ,Misto,Mercearias,1
RICARDO DE ALBUQUERQ,Ultraprocessado,Restaurantes / Lanchonetes,2
RICARDO DE ALBOQUER,Misto,Mercearias,1
RICARDO  ALBUQUERQUE,Misto,Mercearias,1
RIC.DE ALBUQUERQUE,In natura,Açougues / Padarias,1
RIC.DE ALBUQUERQUE,Misto,Mercearias,1
RIC DE ALBUQUERQUE,Misto,Hipermercados,1
RIC DE ALBUQUERQUE,Misto,Mercearias,1
RIC DE ALBUQUERQUE,Ultraprocessado,Restaurantes / Lanchonetes,1
RIBEIRA,In natura,Açougues / Padarias,2
RIBEIRA,In natura,Hortifrutigranjeiros,1
RIBEIRA,Misto,Hipermercados,1
RIBEIRA,Misto,Mercearias,3
RIBEIRA,Ultraprocessado,Cantinas / Alimentação preparada,16
RIBEIRA,Ultraprocessado,Lojas de conveniência / Varejo alimentar,5
RIBEIRA,Ultraprocessado,Restaurantes / Lanchonetes,44
RIBEIRA,Ultraprocessado,Serviços ambulantes,3
RIACHUELO,In natura,Açougues / Padarias,8
RIACHUELO,In natura,Hortifrutigranjeiros,8
RIACHUELO,In natura,Peixarias,1
RIACHUELO,Misto,Hipermercados,5
RIACHUELO,Misto,Mercearias,6
RIACHUELO,Misto,Supermercados,1
RIACHUELO,Ultraprocessado,Cantinas / Alimentação preparada,57
RIACHUELO,Ultraprocessado,Lojas de conveniência / Varejo alimentar,14
RIACHUELO,Ultraprocessado,Restaurantes / Lanchonetes,56
RIACHUELO,Ultraprocessado,Serviços ambulantes,12
RECREIO DOS BANDERANTES,Misto,Hipermercados,1
RECREIO DOS BANDEIRANTES,In natura,Açougues / Padarias,155
RECREIO DOS BANDEIRANTES,In natura,Hortifrutigranjeiros,53
RECREIO DOS BANDEIRANTES,In natura,Peixarias,46
RECREIO DOS BANDEIRANTES,Misto,Hipermercados,49
RECREIO DOS BANDEIRANTES,Misto,Mercearias,165
RECREIO DOS BANDEIRANTES,Misto,Supermercados,9
RECREIO DOS BANDEIRANTES,Ultraprocessado,Cantinas / Alimentação preparada,709
RECREIO DOS BANDEIRANTES,Ultraprocessado,Lojas de conveniência / Varejo alimentar,223
RECREIO DOS BANDEIRANTES,Ultraprocessado,Restaurantes / Lanchonetes,1128
RECREIO DOS BANDEIRANTES,Ultraprocessado,Serviços ambulantes,140
RECREIO DOS BANDEIRANRES,Ultraprocessado,Restaurantes / Lanchonetes,1
RECREIO DOS BANDEIRA,In natura,Açougues / Padarias,1
RECREIO DOS BANDEIRA,Ultraprocessado,Restaurantes / Lanchonetes,2
RECREIO DOS BAND.,Ultraprocessado,Restaurantes / Lanchonetes,1
RECREIO DOS BAND,Ultraprocessado,Restaurantes / Lanchonetes,1
RECREIO DO BANDEIRANTES,Ultraprocessado,Restaurantes / Lanchonetes,1
RECREIO BANDEIRANTES,In natura,Açougues / Padarias,1
RECREIO BANDEIRANTES,Ultraprocessado,Lojas de conveniência / Varejo alimentar,1
RECREIO BANDEIRANTES,Ultraprocessado,Restaurantes / Lanchonetes,1
RECREIO  DOS BANDEIRANTES,Ultraprocessado,Restaurantes / Lanchonetes,1
RECREIO  BANDEIRANTE,Ultraprocessado,Restaurantes / Lanchonetes,1
RECREIO,In natura,Açougues / Padarias,1
RECREIO,Misto,Mercearias,1
RECREIO,Ultraprocessado,Cantinas / Alimentação preparada,1
RECREIO,Ultraprocessado,Lojas de conveniência / Varejo alimentar,1
RECREIO,Ultraprocessado,Restaurantes / Lanchonetes,3
REC.DOS BANDEIRANTES,Ultraprocessado,Restaurantes / Lanchonetes,1
REC DOS BANDEIRANTES,In natura,Açougues / Padarias,1
REC DOS BANDEIRANTES,Misto,Supermercados,1
REC DOS BANDEIRANTES,Ultraprocessado,Restaurantes / Lanchonetes,1
REC DO BANDEIRANTES,Ultraprocessado,Restaurantes / Lanchonetes,1
REALENGO,In natura,Açougues / Padarias,174
REALENGO,In natura,Hortifrutigranjeiros,98
REALENGO,In natura,Peixarias,33
REALENGO,Misto,Hipermercados,36
REALENGO,Misto,Mercearias,215
REALENGO,Misto,Supermercados,15
REALENGO,Ultraprocessado,Cantinas / Alimentação preparada,769
REALENGO,Ultraprocessado,Lojas de conveniência / Varejo alimentar,135
REALENGO,Ultraprocessado,Restaurantes / Lanchonetes,879
REALENGO,Ultraprocessado,Serviços ambulantes,268
RCA DO CARMO,Ultraprocessado,Restaurantes / Lanchonetes,1
RAMOS,In natura,Açougues / Padarias,82
RAMOS,In natura,Hortifrutigranjeiros,29
RAMOS,In natura,Peixarias,16
RAMOS,Misto,Hipermercados,22
RAMOS,Misto,Mercearias,109
RAMOS,Misto,Supermercados,3
RAMOS,Ultraprocessado,Cantinas / Alimentação preparada,307
RAMOS,Ultraprocessado,Lojas de conveniência / Varejo alimentar,73
RAMOS,Ultraprocessado,Restaurantes / Lanchonetes,452
RAMOS,Ultraprocessado,Serviços ambulantes,97
RALENGO,Misto,Mercearias,1
R.DOS BANDEIRANTES,Ultraprocessado,Lojas de conveniência / Varejo alimentar,1
R. DOS BANDEIRANTES,Ultraprocessado,Restaurantes / Lanchonetes,2
R DOS BANDEIRANTES,Misto,Hipermercados,1
R DOS BANDEIRANTES,Ultraprocessado,Restaurantes / Lanchonetes,1
QUINTINO BOCAIUVA,In natura,Açougues / Padarias,9
QUINTINO BOCAIUVA,In natura,Hortifrutigranjeiros,11
QUINTINO BOCAIUVA,In natura,Peixarias,5
QUINTINO BOCAIUVA,Misto,Hipermercados,4
QUINTINO BOCAIUVA,Misto,Mercearias,22
QUINTINO BOCAIUVA,Ultraprocessado,Cantinas / Alimentação preparada,155
QUINTINO BOCAIUVA,Ultraprocessado,Lojas de conveniência / Varejo alimentar,19
QUINTINO BOCAIUVA,Ultraprocessado,Restaurantes / Lanchonetes,158
QUINTINO BOCAIUVA,Ultraprocessado,Serviços ambulantes,40
QUINTINO,In natura,Açougues / Padarias,4
QUINTINO,In natura,Hortifrutigranjeiros,1
QUINTINO,Misto,Mercearias,2
QUINTINO,Ultraprocessado,Lojas de conveniência / Varejo alimentar,1
QUINTINO,Ultraprocessado,Restaurantes / Lanchonetes,1
QUINTINI BOCAIUVA,Misto,Mercearias,1
PRAIA DE RAMOS,Misto,Supermercados,1
PRAIA DA BANDEIRA,In natura,Açougues / Padarias,1
PRAIA DA BANDEIRA,Misto,Mercearias,5
PRAIA DA BANDEIRA,Ultraprocessado,Cantinas / Alimentação preparada,13
PRAIA DA BANDEIRA,Ultraprocessado,Lojas de conveniência / Varejo alimentar,1
PRAIA DA BANDEIRA,Ultraprocessado,Restaurantes / Lanchonetes,26
PRAIA DA BANDEIRA,Ultraprocessado,Serviços ambulantes,7
PRACA SECA,In natura,Açougues / Padarias,36
PRACA SECA,In natura,Hortifrutigranjeiros,22
PRACA SECA,In natura,Peixarias,8
PRACA SECA,Misto,Hipermercados,19
PRACA SECA,Misto,Mercearias,40
PRACA SECA,Misto,Supermercados,1
PRACA SECA,Ultraprocessado,Cantinas / Alimentação preparada,236
PRACA SECA,Ultraprocessado,Lojas de conveniência / Varejo alimentar,34
PRACA SECA,Ultraprocessado,Restaurantes / Lanchonetes,199
PRACA SECA,Ultraprocessado,Serviços ambulantes,82
PRACA MAUA,Misto,Mercearias,1
PRACA MAUA,Misto,Supermercados,1
PRACA MAUA,Ultraprocessado,Restaurantes / Lanchonetes,2
PRACA DO CARMO,In natura,Açougues / Padarias,1
PRACA DA BANDEIRA,In natura,Açougues / Padarias,9
PRACA DA BANDEIRA,In natura,Hortifrutigranjeiros,3
PRACA DA BANDEIRA,In natura,Peixarias,2
PRACA DA BANDEIRA,Misto,Hipermercados,5
PRACA DA BANDEIRA,Misto,Mercearias,16
PRACA DA BANDEIRA,Misto,Supermercados,1
PRACA DA BANDEIRA,Ultraprocessado,Cantinas / Alimentação preparada,78
PRACA DA BANDEIRA,Ultraprocessado,Lojas de conveniência / Varejo alimentar,14
PRACA DA BANDEIRA,Ultraprocessado,Restaurantes / Lanchonetes,121
PRACA DA BANDEIRA,Ultraprocessado,Serviços ambulantes,17
PRAA SECA,Misto,Mercearias,1
PORTUGUESA - ILHA DO GOVERNADOR,Ultraprocessado,Restaurantes / Lanchonetes,1
PORTUGUESA,In natura,Açougues / Padarias,8
PORTUGUESA,In natura,Hortifrutigranjeiros,3
PORTUGUESA,In natura,Peixarias,2
PORTUGUESA,Misto,Hipermercados,4
PORTUGUESA,Misto,Mercearias,11
PORTUGUESA,Misto,Supermercados,1
PORTUGUESA,Ultraprocessado,Cantinas / Alimentação preparada,57
PORTUGUESA,Ultraprocessado,Lojas de conveniência / Varejo alimentar,18
PORTUGUESA,Ultraprocessado,Restaurantes / Lanchonetes,74
PORTUGUESA,Ultraprocessado,Serviços ambulantes,12
PONTA DO GALEAO,Ultraprocessado,Restaurantes / Lanchonetes,1
PITANGUEIRAS,In natura,Açougues / Padarias,7
PITANGUEIRAS,In natura,Hortifrutigranjeiros,3
PITANGUEIRAS,Misto,Mercearias,6
PITANGUEIRAS,Ultraprocessado,Cantinas / Alimentação preparada,23
PITANGUEIRAS,Ultraprocessado,Lojas de conveniência / Varejo alimentar,6
PITANGUEIRAS,Ultraprocessado,Restaurantes / Lanchonetes,27
PITANGUEIRAS,Ultraprocessado,Serviços ambulantes,5
PILARES,In natura,Açougues / Padarias,27
PILARES,In natura,Hortifrutigranjeiros,20
PILARES,In natura,Peixarias,7
PILARES,Misto,Hipermercados,10
PILARES,Misto,Mercearias,25
PILARES,Misto,Supermercados,6
PILARES,Ultraprocessado,Cantinas / Alimentação preparada,157
PILARES,Ultraprocessado,Lojas de conveniência / Varejo alimentar,26
PILARES,Ultraprocessado,Restaurantes / Lanchonetes,183
PILARES,Ultraprocessado,Serviços ambulantes,42
PIEDADE,In natura,Açougues / Padarias,35
PIEDADE,In natura,Hortifrutigranjeiros,13
PIEDADE,In natura,Peixarias,3
PIEDADE,Misto,Hipermercados,7
PIEDADE,Misto,Mercearias,51
PIEDADE,Misto,Supermercados,2
PIEDADE,Ultraprocessado,Cantinas / Alimentação preparada,223
PIEDADE,Ultraprocessado,Lojas de conveniência / Varejo alimentar,29
PIEDADE,Ultraprocessado,Restaurantes / Lanchonetes,218
PIEDADE,Ultraprocessado,Serviços ambulantes,62
PENHA CIRCULAR,In natura,Açougues / Padarias,43
PENHA CIRCULAR,In natura,Hortifrutigranjeiros,17
PENHA CIRCULAR,In natura,Peixarias,8
PENHA CIRCULAR,Misto,Hipermercados,16
PENHA CIRCULAR,Misto,Mercearias,67
PENHA CIRCULAR,Misto,Supermercados,12
PENHA CIRCULAR,Ultraprocessado,Cantinas / Alimentação preparada,214
PENHA CIRCULAR,Ultraprocessado,Lojas de conveniência / Varejo alimentar,52
PENHA CIRCULAR,Ultraprocessado,Restaurantes / Lanchonetes,218
PENHA CIRCULAR,Ultraprocessado,Serviços ambulantes,64
PENHA CIRCLAR,In natura,Açougues / Padarias,1
PENHA  CIRCULAR,Ultraprocessado,Lojas de conveniência / Varejo alimentar,1
PENHA,In natura,Açougues / Padarias,63
PENHA,In natura,Hortifrutigranjeiros,19
PENHA,In natura,Peixarias,16
PENHA,Misto,Hipermercados,31
PENHA,Misto,Mercearias,68
PENHA,Misto,Supermercados,8
PENHA,Ultraprocessado,Cantinas / Alimentação preparada,272
PENHA,Ultraprocessado,Lojas de conveniência / Varejo alimentar,66
PENHA,Ultraprocessado,Restaurantes / Lanchonetes,367
PENHA,Ultraprocessado,Serviços ambulantes,85
PEDREGULHO,Ultraprocessado,Restaurantes / Lanchonetes,1
PEDRA GUARATIBA,Ultraprocessado,Restaurantes / Lanchonetes,1
PEDRA DE GUARATIBA,In natura,Açougues / Padarias,19
PEDRA DE GUARATIBA,In natura,Hortifrutigranjeiros,6
PEDRA DE GUARATIBA,In natura,Peixarias,9
PEDRA DE GUARATIBA,Misto,Hipermercados,6
PEDRA DE GUARATIBA,Misto,Mercearias,43
PEDRA DE GUARATIBA,Ultraprocessado,Cantinas / Alimentação preparada,83
PEDRA DE GUARATIBA,Ultraprocessado,Lojas de conveniência / Varejo alimentar,17
PEDRA DE GUARATIBA,Ultraprocessado,Restaurantes / Lanchonetes,139
PEDRA DE GUARATIBA,Ultraprocessado,Serviços ambulantes,27
PEDRA ANGULAR,Ultraprocessado,Restaurantes / Lanchonetes,1
PECHINCHA JACAREPAGUA,In natura,Açougues / Padarias,1
PECHINCHA,In natura,Açougues / Padarias,42
PECHINCHA,In natura,Hortifrutigranjeiros,13
PECHINCHA,In natura,Peixarias,14
PECHINCHA,Misto,Hipermercados,10
PECHINCHA,Misto,Mercearias,43
PECHINCHA,Misto,Supermercados,2
PECHINCHA,Ultraprocessado,Cantinas / Alimentação preparada,250
PECHINCHA,Ultraprocessado,Lojas de conveniência / Varejo alimentar,56
PECHINCHA,Ultraprocessado,Restaurantes / Lanchonetes,197
PECHINCHA,Ultraprocessado,Serviços ambulantes,52
PCA MAUA,Ultraprocessado,Restaurantes / Lanchonetes,1
PCA DA BANDEIRA,Ultraprocessado,Lojas de conveniência / Varejo alimentar,1
PCA DA BANDEIRA,Ultraprocessado,Restaurantes / Lanchonetes,3
PAVUNA,In natura,Açougues / Padarias,83
PAVUNA,In natura,Hortifrutigranjeiros,39
PAVUNA,In natura,Peixarias,33
PAVUNA,Misto,Hipermercados,20
PAVUNA,Misto,Mercearias,113
PAVUNA,Misto,Supermercados,8
PAVUNA,Ultraprocessado,Cantinas / Alimentação preparada,326
PAVUNA,Ultraprocessado,Lojas de conveniência / Varejo alimentar,65
PAVUNA,Ultraprocessado,Restaurantes / Lanchonetes,314
PAVUNA,Ultraprocessado,Serviços ambulantes,132
PARQUE UNIAO - BONSUCESSO,Ultraprocessado,Restaurantes / Lanchonetes,1
PARQUE UNIAO,Misto,Mercearias,1
PARQUE UNIAO,Ultraprocessado,Lojas de conveniência / Varejo alimentar,1
PARQUE DO FLAMENG0,Ultraprocessado,Restaurantes / Lanchonetes,1
PARQUE COLUMBIA,In natura,Açougues / Padarias,4
PARQUE COLUMBIA,In natura,Hortifrutigranjeiros,2
PARQUE COLUMBIA,In natura,Peixarias,1
PARQUE COLUMBIA,Misto,Mercearias,7
PARQUE COLUMBIA,Ultraprocessado,Cantinas / Alimentação preparada,16
PARQUE COLUMBIA,Ultraprocessado,Lojas de conveniência / Varejo alimentar,3
PARQUE COLUMBIA,Ultraprocessado,Restaurantes / Lanchonetes,12
PARQUE COLUMBIA,Ultraprocessado,Serviços ambulantes,3
PARQUE ANCHIETA,In natura,Açougues / Padarias,23
PARQUE ANCHIETA,In natura,Hortifrutigranjeiros,9
PARQUE ANCHIETA,In natura,Peixarias,8
PARQUE ANCHIETA,Misto,Hipermercados,5
PARQUE ANCHIETA,Misto,Mercearias,24
PARQUE ANCHIETA,Ultraprocessado,Cantinas / Alimentação preparada,93
PARQUE ANCHIETA,Ultraprocessado,Lojas de conveniência / Varejo alimentar,26
PARQUE ANCHIETA,Ultraprocessado,Restaurantes / Lanchonetes,106
PARQUE ANCHIETA,Ultraprocessado,Serviços ambulantes,31
PARADA DE LUCAS,In natura,Açougues / Padarias,24
PARADA DE LUCAS,In natura,Hortifrutigranjeiros,13
PARADA DE LUCAS,In natura,Peixarias,6
PARADA DE LUCAS,Misto,Hipermercados,3
PARADA DE LUCAS,Misto,Mercearias,50
PARADA DE LUCAS,Misto,Supermercados,3
PARADA DE LUCAS,Ultraprocessado,Cantinas / Alimentação preparada,71
PARADA DE LUCAS,Ultraprocessado,Lojas de conveniência / Varejo alimentar,23
PARADA DE LUCAS,Ultraprocessado,Restaurantes / Lanchonetes,91
PARADA DE LUCAS,Ultraprocessado,Serviços ambulantes,24
PAQUETA,In natura,Açougues / Padarias,5
PAQUETA,In natura,Hortifrutigranjeiros,3
PAQUETA,Misto,Mercearias,6
PAQUETA,Ultraprocessado,Cantinas / Alimentação preparada,21
PAQUETA,Ultraprocessado,Lojas de conveniência / Varejo alimentar,1
PAQUETA,Ultraprocessado,Restaurantes / Lanchonetes,17
PAQUETA,Ultraprocessado,Serviços ambulantes,11
PADRE MIGUEL,In natura,Açougues / Padarias,54
PADRE MIGUEL,In natura,Hortifrutigranjeiros,28
PADRE MIGUEL,In natura,Peixarias,15
PADRE MIGUEL,Misto,Hipermercados,12
PADRE MIGUEL,Misto,Mercearias,65
PADRE MIGUEL,Misto,Supermercados,5
PADRE MIGUEL,Ultraprocessado,Cantinas / Alimentação preparada,245
PADRE MIGUEL,Ultraprocessado,Lojas de conveniência / Varejo alimentar,47
PADRE MIGUEL,Ultraprocessado,Restaurantes / Lanchonetes,311
PADRE MIGUEL,Ultraprocessado,Serviços ambulantes,86
PACIENCIA,In natura,Açougues / Padarias,109
PACIENCIA,In natura,Hortifrutigranjeiros,56
PACIENCIA,In natura,Peixarias,22
PACIENCIA,Misto,Hipermercados,33
PACIENCIA,Misto,Mercearias,145
PACIENCIA,Misto,Supermercados,4
PACIENCIA,Ultraprocessado,Cantinas / Alimentação preparada,359
PACIENCIA,Ultraprocessado,Lojas de conveniência / Varejo alimentar,89
PACIENCIA,Ultraprocessado,Restaurantes / Lanchonetes,488
PACIENCIA,Ultraprocessado,Serviços ambulantes,131
P S PEDRO/CPO GRANDE,In natura,Açougues / Padarias,1
P DE GUARATIBA,Ultraprocessado,Restaurantes / Lanchonetes,1
OSWALDO CRUZ,In natura,Açougues / Padarias,36
OSWALDO CRUZ,In natura,Hortifrutigranjeiros,13
OSWALDO CRUZ,In natura,Peixarias,4
OSWALDO CRUZ,Misto,Hipermercados,10
OSWALDO CRUZ,Misto,Mercearias,38
OSWALDO CRUZ,Ultraprocessado,Cantinas / Alimentação preparada,174
OSWALDO CRUZ,Ultraprocessado,Lojas de conveniência / Varejo alimentar,22
OSWALDO CRUZ,Ultraprocessado,Restaurantes / Lanchonetes,171
OSWALDO CRUZ,Ultraprocessado,Serviços ambulantes,56
OSVALDO CRUZ,Ultraprocessado,Restaurantes / Lanchonetes,1
OSVALDO CRUZ,Ultraprocessado,Serviços ambulantes,1
OLARIA,In natura,Açougues / Padarias,44
OLARIA,In natura,Hortifrutigranjeiros,18
OLARIA,In natura,Peixarias,4
OLARIA,Misto,Hipermercados,18
OLARIA,Misto,Mercearias,45
OLARIA,Misto,Supermercados,5
OLARIA,Ultraprocessado,Cantinas / Alimentação preparada,258
OLARIA,Ultraprocessado,Lojas de conveniência / Varejo alimentar,54
OLARIA,Ultraprocessado,Restaurantes / Lanchonetes,282
OLARIA,Ultraprocessado,Serviços ambulantes,75
NOSSA SENHORA DAS GRACAS,In natura,Açougues / Padarias,2
NOSSA SENHORA DAS GRACAS,In natura,Hortifrutigranjeiros,1
NOSSA SENHORA DAS GRACAS,In natura,Peixarias,2
NOSSA SENHORA DAS GRACAS,Misto,Mercearias,1
NOSSA SENHORA DAS GRACAS,Ultraprocessado,Cantinas / Alimentação preparada,11
NOSSA SENHORA DAS GRACAS,Ultraprocessado,Lojas de conveniência / Varejo alimentar,1
NOSSA SENHORA DAS GRACAS,Ultraprocessado,Restaurantes / Lanchonetes,7
NOSSA SENHORA DAS GRACAS,Ultraprocessado,Serviços ambulantes,2
MUZEMA,Misto,Hipermercados,1
MUZEMA,Misto,Mercearias,1
MUZEMA,Ultraprocessado,Cantinas / Alimentação preparada,1
MUZEMA,Ultraprocessado,Restaurantes / Lanchonetes,4
MUZEMA,Ultraprocessado,Serviços ambulantes,1
MORRO DA CRUZ - TIJUCA,Ultraprocessado,Serviços ambulantes,1
MONERO,In natura,Açougues / Padarias,5
MONERO,In natura,Hortifrutigranjeiros,1
MONERO,Misto,Mercearias,5
MONERO,Ultraprocessado,Cantinas / Alimentação preparada,17
MONERO,Ultraprocessado,Lojas de conveniência / Varejo alimentar,3
MONERO,Ultraprocessado,Restaurantes / Lanchonetes,17
MONERO,Ultraprocessado,Serviços ambulantes,8
MEYER,Ultraprocessado,Cantinas / Alimentação preparada,1
MEIR,Ultraprocessado,Restaurantes / Lanchonetes,1
MEIER,In natura,Açougues / Padarias,58
MEIER,In natura,Hortifrutigranjeiros,19
MEIER,In natura,Peixarias,11
MEIER,Misto,Hipermercados,35
MEIER,Misto,Mercearias,50
MEIER,Misto,Supermercados,8
MEIER,Ultraprocessado,Cantinas / Alimentação preparada,295
MEIER,Ultraprocessado,Lojas de conveniência / Varejo alimentar,63
MEIER,Ultraprocessado,Restaurantes / Lanchonetes,374
MEIER,Ultraprocessado,Serviços ambulantes,61
MAUDREIRA,Ultraprocessado,Lojas de conveniência / Varejo alimentar,1
MARIA DA GRACA,In natura,Açougues / Padarias,8
MARIA DA GRACA,In natura,Hortifrutigranjeiros,4
MARIA DA GRACA,Misto,Hipermercados,1
MARIA DA GRACA,Misto,Mercearias,8
MARIA DA GRACA,Ultraprocessado,Cantinas / Alimentação preparada,36
MARIA DA GRACA,Ultraprocessado,Lojas de conveniência / Varejo alimentar,4
MARIA DA GRACA,Ultraprocessado,Restaurantes / Lanchonetes,40
MARIA DA GRACA,Ultraprocessado,Serviços ambulantes,11
MARIA DA GRAA,Misto,Mercearias,1
MARIA DA GRAA,Ultraprocessado,Lojas de conveniência / Varejo alimentar,1
MARECHAL HERMES,In natura,Açougues / Padarias,60
MARECHAL HERMES,In natura,Hortifrutigranjeiros,20
MARECHAL HERMES,In natura,Peixarias,9
MARECHAL HERMES,Misto,Hipermercados,15
MARECHAL HERMES,Misto,Mercearias,61
MARECHAL HERMES,Misto,Supermercados,4
MARECHAL HERMES,Ultraprocessado,Cantinas / Alimentação preparada,224
MARECHAL HERMES,Ultraprocessado,Lojas de conveniência / Varejo alimentar,27
MARECHAL HERMES,Ultraprocessado,Restaurantes / Lanchonetes,233
MARECHAL HERMES,Ultraprocessado,Serviços ambulantes,62
MARECHAL  HERMES,In natura,Açougues / Padarias,1
MARECHAL  HERMES,Ultraprocessado,Restaurantes / Lanchonetes,1
MARECHAL  HERME,Ultraprocessado,Restaurantes / Lanchonetes,1
MARE/BONSUCESSO,In natura,Açougues / Padarias,1
MARE / BONSUCESSO,In natura,Peixarias,1
MARE,In natura,Açougues / Padarias,70
MARE,In natura,Hortifrutigranjeiros,30
MARE,In natura,Peixarias,22
MARE,Misto,Hipermercados,20
MARE,Misto,Mercearias,138
MARE,Misto,Supermercados,2
MARE,Ultraprocessado,Cantinas / Alimentação preparada,179
MARE,Ultraprocessado,Lojas de conveniência / Varejo alimentar,38
MARE,Ultraprocessado,Restaurantes / Lanchonetes,292
MARE,Ultraprocessado,Serviços ambulantes,63
MARACANA,In natura,Açougues / Padarias,28
MARACANA,In natura,Hortifrutigranjeiros,5
MARACANA,In natura,Peixarias,4
MARACANA,Misto,Hipermercados,4
MARACANA,Misto,Mercearias,13
MARACANA,Misto,Supermercados,2
MARACANA,Ultraprocessado,Cantinas / Alimentação preparada,120
MARACANA,Ultraprocessado,Lojas de conveniência / Varejo alimentar,31
MARACANA,Ultraprocessado,Restaurantes / Lanchonetes,189
MARACANA,Ultraprocessado,Serviços ambulantes,16
MANGUINHOS,In natura,Açougues / Padarias,21
MANGUINHOS,In natura,Hortifrutigranjeiros,14
MANGUINHOS,In natura,Peixarias,8
MANGUINHOS,Misto,Hipermercados,2
MANGUINHOS,Misto,Mercearias,41
MANGUINHOS,Misto,Supermercados,1
MANGUINHOS,Ultraprocessado,Cantinas / Alimentação preparada,73
MANGUINHOS,Ultraprocessado,Lojas de conveniência / Varejo alimentar,16
MANGUINHOS,Ultraprocessado,Restaurantes / Lanchonetes,127
MANGUINHOS,Ultraprocessado,Serviços ambulantes,32
MANGUEIRA,In natura,Açougues / Padarias,7
MANGUEIRA,In natura,Hortifrutigranjeiros,7
MANGUEIRA,In natura,Peixarias,3
MANGUEIRA,Misto,Hipermercados,1
MANGUEIRA,Misto,Mercearias,21
MANGUEIRA,Ultraprocessado,Cantinas / Alimentação preparada,61
MANGUEIRA,Ultraprocessado,Lojas de conveniência / Varejo alimentar,9
MANGUEIRA,Ultraprocessado,Restaurantes / Lanchonetes,72
MANGUEIRA,Ultraprocessado,Serviços ambulantes,21
MAL HERMES,Misto,Supermercados,1
MAGALHAES BASTOS,In natura,Açougues / Padarias,32
MAGALHAES BASTOS,In natura,Hortifrutigranjeiros,11
MAGALHAES BASTOS,Misto,Hipermercados,3
MAGALHAES BASTOS,Misto,Mercearias,30
MAGALHAES BASTOS,Ultraprocessado,Cantinas / Alimentação preparada,110
MAGALHAES BASTOS,Ultraprocessado,Lojas de conveniência / Varejo alimentar,14
MAGALHAES BASTOS,Ultraprocessado,Restaurantes / Lanchonetes,114
MAGALHAES BASTOS,Ultraprocessado,Serviços ambulantes,22
MADUREIRA,In natura,Açougues / Padarias,71
MADUREIRA,In natura,Hortifrutigranjeiros,53
MADUREIRA,In natura,Peixarias,9
MADUREIRA,Misto,Hipermercados,110
MADUREIRA,Misto,Mercearias,91
MADUREIRA,Misto,Supermercados,4
MADUREIRA,Ultraprocessado,Cantinas / Alimentação preparada,235
MADUREIRA,Ultraprocessado,Lojas de conveniência / Varejo alimentar,75
MADUREIRA,Ultraprocessado,Restaurantes / Lanchonetes,469
MADUREIRA,Ultraprocessado,Serviços ambulantes,112
LUCAS,Misto,Mercearias,1
LOTEAMENTO MADEAN,Ultraprocessado,Cantinas / Alimentação preparada,2
LOTEAMENTO MADEAN,Ultraprocessado,Restaurantes / Lanchonetes,1
LOBLON,Ultraprocessado,Restaurantes / Lanchonetes,1
LINS DE VASCONCELOS,In natura,Açougues / Padarias,23
LINS DE VASCONCELOS,In natura,Hortifrutigranjeiros,7
LINS DE VASCONCELOS,In natura,Peixarias,6
LINS DE VASCONCELOS,Misto,Hipermercados,8
LINS DE VASCONCELOS,Misto,Mercearias,19
LINS DE VASCONCELOS,Misto,Supermercados,2
LINS DE VASCONCELOS,Ultraprocessado,Cantinas / Alimentação preparada,80
LINS DE VASCONCELOS,Ultraprocessado,Lojas de conveniência / Varejo alimentar,5
LINS DE VASCONCELOS,Ultraprocessado,Restaurantes / Lanchonetes,95
LINS DE VASCONCELOS,Ultraprocessado,Serviços ambulantes,24
LINS,In natura,Açougues / Padarias,1
LINS,In natura,Peixarias,1
LGO DO MACHADO,In natura,Açougues / Padarias,1
LEME,In natura,Açougues / Padarias,8
LEME,In natura,Hortifrutigranjeiros,2
LEME,In natura,Peixarias,3
LEME,Misto,Hipermercados,2
LEME,Misto,Mercearias,23
LEME,Misto,Supermercados,1
LEME,Ultraprocessado,Cantinas / Alimentação preparada,45
LEME,Ultraprocessado,Lojas de conveniência / Varejo alimentar,6
LEME,Ultraprocessado,Restaurantes / Lanchonetes,75
LEME,Ultraprocessado,Serviços ambulantes,14
LEBLON,In natura,Açougues / Padarias,42
LEBLON,In natura,Hortifrutigranjeiros,12
LEBLON,In natura,Peixarias,8
LEBLON,Misto,Hipermercados,14
LEBLON,Misto,Mercearias,33
LEBLON,Misto,Supermercados,5
LEBLON,Ultraprocessado,Cantinas / Alimentação preparada,121
LEBLON,Ultraprocessado,Lojas de conveniência / Varejo alimentar,62
LEBLON,Ultraprocessado,Restaurantes / Lanchonetes,373
LEBLON,Ultraprocessado,Serviços ambulantes,26
LEBLOM,Ultraprocessado,Restaurantes / Lanchonetes,1
LARGO MACHADO,Ultraprocessado,Restaurantes / Lanchonetes,1
LARGO DO MACHADO,In natura,Açougues / Padarias,1
LARGO DO MACHADO,Ultraprocessado,Restaurantes / Lanchonetes,1
LARANJEIRAS,In natura,Açougues / Padarias,23
LARANJEIRAS,In natura,Hortifrutigranjeiros,10
LARANJEIRAS,In natura,Peixarias,2
LARANJEIRAS,Misto,Hipermercados,9
LARANJEIRAS,Misto,Mercearias,27
LARANJEIRAS,Misto,Supermercados,4
LARANJEIRAS,Ultraprocessado,Cantinas / Alimentação preparada,112
LARANJEIRAS,Ultraprocessado,Lojas de conveniência / Varejo alimentar,41
LARANJEIRAS,Ultraprocessado,Restaurantes / Lanchonetes,161
LARANJEIRAS,Ultraprocessado,Serviços ambulantes,26
LARANGEIRAS,Ultraprocessado,Restaurantes / Lanchonetes,1
LARAJEIRAS,Ultraprocessado,Restaurantes / Lanchonetes,1
LAPA/CENTRO,Ultraprocessado,Cantinas / Alimentação preparada,1
LAPA,Misto,Mercearias,4
LAPA,Ultraprocessado,Cantinas / Alimentação preparada,1
LAPA,Ultraprocessado,Lojas de conveniência / Varejo alimentar,2
LAPA,Ultraprocessado,Restaurantes / Lanchonetes,12
LAMENGO,Ultraprocessado,Restaurantes / Lanchonetes,1
LAGOA,In natura,Açougues / Padarias,4
LAGOA,In natura,Hortifrutigranjeiros,2
LAGOA,Misto,Mercearias,4
LAGOA,Ultraprocessado,Cantinas / Alimentação preparada,43
LAGOA,Ultraprocessado,Lojas de conveniência / Varejo alimentar,12
LAGOA,Ultraprocessado,Restaurantes / Lanchonetes,73
LAGOA,Ultraprocessado,Serviços ambulantes,9
JOA,Misto,Hipermercados,1
JOA,Ultraprocessado,Cantinas / Alimentação preparada,5
JOA,Ultraprocessado,Lojas de conveniência / Varejo alimentar,1
JOA,Ultraprocessado,Restaurantes / Lanchonetes,5
JD AMERICA,Ultraprocessado,Restaurantes / Lanchonetes,1
JARDIM SULCAP,Misto,Mercearias,1
JARDIM SULCAP,Ultraprocessado,Restaurantes / Lanchonetes,1
JARDIM SULACAP,In natura,Açougues / Padarias,14
JARDIM SULACAP,In natura,Hortifrutigranjeiros,9
JARDIM SULACAP,In natura,Peixarias,2
JARDIM SULACAP,Misto,Hipermercados,4
JARDIM SULACAP,Misto,Mercearias,25
JARDIM SULACAP,Misto,Supermercados,3
JARDIM SULACAP,Ultraprocessado,Cantinas / Alimentação preparada,78
JARDIM SULACAP,Ultraprocessado,Lojas de conveniência / Varejo alimentar,22
JARDIM SULACAP,Ultraprocessado,Restaurantes / Lanchonetes,118
JARDIM SULACAP,Ultraprocessado,Serviços ambulantes,28
JARDIM GUANABARA - ILHA DO GOVERNADOR,In natura,Açougues / Padarias,1
JARDIM GUANABARA - ILHA DO GOVERNADOR,Ultraprocessado,Restaurantes / Lanchonetes,1
JARDIM GUANABARA,In natura,Açougues / Padarias,14
JARDIM GUANABARA,In natura,Hortifrutigranjeiros,5
JARDIM GUANABARA,In natura,Peixarias,3
JARDIM GUANABARA,Misto,Hipermercados,7
JARDIM GUANABARA,Misto,Mercearias,12
JARDIM GUANABARA,Ultraprocessado,Cantinas / Alimentação preparada,93
JARDIM GUANABARA,Ultraprocessado,Lojas de conveniência / Varejo alimentar,25
JARDIM GUANABARA,Ultraprocessado,Restaurantes / Lanchonetes,112
JARDIM GUANABARA,Ultraprocessado,Serviços ambulantes,9
JARDIM CARIOCA - ILHA DO GOVERNADOR,Misto,Hipermercados,1
JARDIM CARIOCA,In natura,Açougues / Padarias,26
JARDIM CARIOCA,In natura,Hortifrutigranjeiros,8
JARDIM CARIOCA,In natura,Peixarias,5
JARDIM CARIOCA,Misto,Hipermercados,13
JARDIM CARIOCA,Misto,Mercearias,34
JARDIM CARIOCA,Misto,Supermercados,1
JARDIM CARIOCA,Ultraprocessado,Cantinas / Alimentação preparada,89
JARDIM CARIOCA,Ultraprocessado,Lojas de conveniência / Varejo alimentar,12
JARDIM CARIOCA,Ultraprocessado,Restaurantes / Lanchonetes,175
JARDIM CARIOCA,Ultraprocessado,Serviços ambulantes,25
JARDIM BOTANICO,In natura,Açougues / Padarias,13
JARDIM BOTANICO,In natura,Hortifrutigranjeiros,4
JARDIM BOTANICO,Misto,Hipermercados,4
JARDIM BOTANICO,Misto,Mercearias,9
JARDIM BOTANICO,Misto,Supermercados,4
JARDIM BOTANICO,Ultraprocessado,Cantinas / Alimentação preparada,75
JARDIM BOTANICO,Ultraprocessado,Lojas de conveniência / Varejo alimentar,19
JARDIM BOTANICO,Ultraprocessado,Restaurantes / Lanchonetes,101
JARDIM BOTANICO,Ultraprocessado,Serviços ambulantes,10
JARDIM AMERICA,In natura,Açougues / Padarias,41
JARDIM AMERICA,In natura,Hortifrutigranjeiros,24
JARDIM AMERICA,In natura,Peixarias,11
JARDIM AMERICA,Misto,Hipermercados,10
JARDIM AMERICA,Misto,Mercearias,47
JARDIM AMERICA,Misto,Supermercados,1
JARDIM AMERICA,Ultraprocessado,Cantinas / Alimentação preparada,118
JARDIM AMERICA,Ultraprocessado,Lojas de conveniência / Varejo alimentar,48
JARDIM AMERICA,Ultraprocessado,Restaurantes / Lanchonetes,134
JARDIM AMERICA,Ultraprocessado,Serviços ambulantes,62
JARADIM BOTANICO,Ultraprocessado,Restaurantes / Lanchonetes,1
JACAREZINHO,In natura,Açougues / Padarias,15
JACAREZINHO,In natura,Hortifrutigranjeiros,3
JACAREZINHO,In natura,Peixarias,5
JACAREZINHO,Misto,Mercearias,25
JACAREZINHO,Ultraprocessado,Cantinas / Alimentação preparada,23
JACAREZINHO,Ultraprocessado,Lojas de conveniência / Varejo alimentar,7
JACAREZINHO,Ultraprocessado,Restaurantes / Lanchonetes,31
JACAREZINHO,Ultraprocessado,Serviços ambulantes,10
JACAREPAGUA,In natura,Açougues / Padarias,164
JACAREPAGUA,In natura,Hortifrutigranjeiros,70
JACAREPAGUA,In natura,Peixarias,44
JACAREPAGUA,Misto,Hipermercados,56
JACAREPAGUA,Misto,Mercearias,243
JACAREPAGUA,Misto,Supermercados,14
JACAREPAGUA,Ultraprocessado,Cantinas / Alimentação preparada,597
JACAREPAGUA,Ultraprocessado,Lojas de conveniência / Varejo alimentar,181
JACAREPAGUA,Ultraprocessado,Restaurantes / Lanchonetes,896
JACAREPAGUA,Ultraprocessado,Serviços ambulantes,140
JACARE,In natura,Açougues / Padarias,35
JACARE,In natura,Hortifrutigranjeiros,12
JACARE,In natura,Peixarias,10
JACARE,Misto,Hipermercados,6
JACARE,Misto,Mercearias,45
JACARE,Misto,Supermercados,2
JACARE,Ultraprocessado,Cantinas / Alimentação preparada,94
JACARE,Ultraprocessado,Lojas de conveniência / Varejo alimentar,13
JACARE,Ultraprocessado,Restaurantes / Lanchonetes,162
JACARE,Ultraprocessado,Serviços ambulantes,34
ITANHANGA MUZEMA RUA DO CAMPO BL C APT. 104,Ultraprocessado,Serviços ambulantes,1
ITANHANGA - TIJUQUINHA,Ultraprocessado,Lojas de conveniência / Varejo alimentar,1
ITANHANGA,In natura,Açougues / Padarias,53
ITANHANGA,In natura,Hortifrutigranjeiros,36
ITANHANGA,In natura,Peixarias,29
ITANHANGA,Misto,Hipermercados,15
ITANHANGA,Misto,Mercearias,144
ITANHANGA,Misto,Supermercados,1
ITANHANGA,Ultraprocessado,Cantinas / Alimentação preparada,213
ITANHANGA,Ultraprocessado,Lojas de conveniência / Varejo alimentar,54
ITANHANGA,Ultraprocessado,Restaurantes / Lanchonetes,337
ITANHANGA,Ultraprocessado,Serviços ambulantes,74
ITACOLOMI,Misto,Hipermercados,1
ITACOLOMI,Misto,Mercearias,3
ITACOLOMI,Ultraprocessado,Lojas de conveniência / Varejo alimentar,1
ITACOLOMI,Ultraprocessado,Restaurantes / Lanchonetes,5
ITACOLOMI,Ultraprocessado,Serviços ambulantes,1
IRAJA,In natura,Açougues / Padarias,85
IRAJA,In natura,Hortifrutigranjeiros,93
IRAJA,In natura,Peixarias,20
IRAJA,Misto,Hipermercados,27
IRAJA,Misto,Mercearias,115
IRAJA,Misto,Supermercados,15
IRAJA,Ultraprocessado,Cantinas / Alimentação preparada,473
IRAJA,Ultraprocessado,Lojas de conveniência / Varejo alimentar,111
IRAJA,Ultraprocessado,Restaurantes / Lanchonetes,472
IRAJA,Ultraprocessado,Serviços ambulantes,142
IPANEMA,In natura,Açougues / Padarias,39
IPANEMA,In natura,Hortifrutigranjeiros,11
IPANEMA,In natura,Peixarias,10
IPANEMA,Misto,Hipermercados,25
IPANEMA,Misto,Mercearias,42
IPANEMA,Misto,Supermercados,8
IPANEMA,Ultraprocessado,Cantinas / Alimentação preparada,121
IPANEMA,Ultraprocessado,Lojas de conveniência / Varejo alimentar,70
IPANEMA,Ultraprocessado,Restaurantes / Lanchonetes,412
IPANEMA,Ultraprocessado,Serviços ambulantes,25
INHOAIBA,In natura,Açougues / Padarias,70
INHOAIBA,In natura,Hortifrutigranjeiros,34
INHOAIBA,In natura,Peixarias,10
INHOAIBA,Misto,Hipermercados,19
INHOAIBA,Misto,Mercearias,92
INHOAIBA,Misto,Supermercados,2
INHOAIBA,Ultraprocessado,Cantinas / Alimentação preparada,261
INHOAIBA,Ultraprocessado,Lojas de conveniência / Varejo alimentar,47
INHOAIBA,Ultraprocessado,Restaurantes / Lanchonetes,351
INHOAIBA,Ultraprocessado,Serviços ambulantes,75
INHAUMA,In natura,Açougues / Padarias,56
INHAUMA,In natura,Hortifrutigranjeiros,23
INHAUMA,In natura,Peixarias,16
INHAUMA,Misto,Hipermercados,9
INHAUMA,Misto,Mercearias,76
INHAUMA,Misto,Supermercados,3
INHAUMA,Ultraprocessado,Cantinas / Alimentação preparada,218
INHAUMA,Ultraprocessado,Lojas de conveniência / Varejo alimentar,41
INHAUMA,Ultraprocessado,Restaurantes / Lanchonetes,288
INHAUMA,Ultraprocessado,Serviços ambulantes,90
ILHA PRIMEIRA E ADJACENCIAS - BARRA DA TIJUCA,Ultraprocessado,Restaurantes / Lanchonetes,1
ILHA DO GOVERNADOR - CIDADE UNIVERSITARIA,Ultraprocessado,Restaurantes / Lanchonetes,1
ILHA DO GOVERNADOR,In natura,Açougues / Padarias,14
ILHA DO GOVERNADOR,In natura,Hortifrutigranjeiros,1
ILHA DO GOVERNADOR,In natura,Peixarias,6
ILHA DO GOVERNADOR,Misto,Hipermercados,8
ILHA DO GOVERNADOR,Misto,Mercearias,17
ILHA DO GOVERNADOR,Misto,Supermercados,5
ILHA DO GOVERNADOR,Ultraprocessado,Cantinas / Alimentação preparada,11
ILHA DO GOVERNADOR,Ultraprocessado,Lojas de conveniência / Varejo alimentar,7
ILHA DO GOVERNADOR,Ultraprocessado,Restaurantes / Lanchonetes,78
ILHA DO GOVERNADOR,Ultraprocessado,Serviços ambulantes,3
ILHA DO FUNDO,Ultraprocessado,Cantinas / Alimentação preparada,1
ILHA DO FUNDAO,Ultraprocessado,Lojas de conveniência / Varejo alimentar,1
ILHA DO FUNDAO,Ultraprocessado,Restaurantes / Lanchonetes,4
ILHA DE PAQUETA,Misto,Hipermercados,1
ILHA DE PAQUETA,Ultraprocessado,Lojas de conveniência / Varejo alimentar,1
ILHA DE PAQUETA,Ultraprocessado,Restaurantes / Lanchonetes,5
ILHA DE GUARATIBA,Ultraprocessado,Restaurantes / Lanchonetes,1
ILHA  DE  GUARATIBA,Ultraprocessado,Restaurantes / Lanchonetes,1
IJUCA,Ultraprocessado,Restaurantes / Lanchonetes,1
HUMAITA,In natura,Açougues / Padarias,5
HUMAITA,In natura,Hortifrutigranjeiros,7
HUMAITA,In natura,Peixarias,2
HUMAITA,Misto,Hipermercados,8
HUMAITA,Misto,Mercearias,5
HUMAITA,Misto,Supermercados,1
HUMAITA,Ultraprocessado,Cantinas / Alimentação preparada,58
HUMAITA,Ultraprocessado,Lojas de conveniência / Varejo alimentar,11
HUMAITA,Ultraprocessado,Restaurantes / Lanchonetes,64
HUMAITA,Ultraprocessado,Serviços ambulantes,5
HONORIO GURGEL,In natura,Açougues / Padarias,23
HONORIO GURGEL,In natura,Hortifrutigranjeiros,13
HONORIO GURGEL,In natura,Peixarias,5
HONORIO GURGEL,Misto,Hipermercados,3
HONORIO GURGEL,Misto,Mercearias,25
HONORIO GURGEL,Ultraprocessado,Cantinas / Alimentação preparada,84
HONORIO GURGEL,Ultraprocessado,Lojas de conveniência / Varejo alimentar,18
HONORIO GURGEL,Ultraprocessado,Restaurantes / Lanchonetes,74
HONORIO GURGEL,Ultraprocessado,Serviços ambulantes,26
HIGIENOPOLIS,In natura,Açougues / Padarias,9
HIGIENOPOLIS,In natura,Hortifrutigranjeiros,7
HIGIENOPOLIS,In natura,Peixarias,2
HIGIENOPOLIS,Misto,Hipermercados,5
HIGIENOPOLIS,Misto,Mercearias,20
HIGIENOPOLIS,Misto,Supermercados,3
HIGIENOPOLIS,Ultraprocessado,Cantinas / Alimentação preparada,88
HIGIENOPOLIS,Ultraprocessado,Lojas de conveniência / Varejo alimentar,16
HIGIENOPOLIS,Ultraprocessado,Restaurantes / Lanchonetes,94
HIGIENOPOLIS,Ultraprocessado,Serviços ambulantes,17
HEGIENOPOLIS,Ultraprocessado,Restaurantes / Lanchonetes,1
GUARATIBA,In natura,Açougues / Padarias,131
GUARATIBA,In natura,Hortifrutigranjeiros,75
GUARATIBA,In natura,Peixarias,30
GUARATIBA,Misto,Hipermercados,53
GUARATIBA,Misto,Mercearias,221
GUARATIBA,Misto,Supermercados,2
GUARATIBA,Ultraprocessado,Cantinas / Alimentação preparada,612
GUARATIBA,Ultraprocessado,Lojas de conveniência / Varejo alimentar,114
GUARATIBA,Ultraprocessado,Restaurantes / Lanchonetes,725
GUARATIBA,Ultraprocessado,Serviços ambulantes,172
GUARABU,Misto,Mercearias,4
GUARABU,Ultraprocessado,Cantinas / Alimentação preparada,5
GUARABU,Ultraprocessado,Restaurantes / Lanchonetes,4
GUARABU,Ultraprocessado,Serviços ambulantes,3
GUADALUPE,In natura,Açougues / Padarias,36
GUADALUPE,In natura,Hortifrutigranjeiros,32
GUADALUPE,In natura,Peixarias,12
GUADALUPE,Misto,Hipermercados,14
GUADALUPE,Misto,Mercearias,31
GUADALUPE,Misto,Supermercados,5
GUADALUPE,Ultraprocessado,Cantinas / Alimentação preparada,184
GUADALUPE,Ultraprocessado,Lojas de conveniência / Varejo alimentar,28
GUADALUPE,Ultraprocessado,Restaurantes / Lanchonetes,191
GUADALUPE,Ultraprocessado,Serviços ambulantes,67
GRUMARI,Misto,Mercearias,6
GRUMARI,Ultraprocessado,Cantinas / Alimentação preparada,1
GRUMARI,Ultraprocessado,Restaurantes / Lanchonetes,8
GRUMARI,Ultraprocessado,Serviços ambulantes,2
GRAJAU,In natura,Açougues / Padarias,22
GRAJAU,In natura,Hortifrutigranjeiros,12
GRAJAU,In natura,Peixarias,4
GRAJAU,Misto,Hipermercados,5
GRAJAU,Misto,Mercearias,27
GRAJAU,Misto,Supermercados,3
GRAJAU,Ultraprocessado,Cantinas / Alimentação preparada,162
GRAJAU,Ultraprocessado,Lojas de conveniência / Varejo alimentar,42
GRAJAU,Ultraprocessado,Restaurantes / Lanchonetes,143
GRAJAU,Ultraprocessado,Serviços ambulantes,34
GLORIA,In natura,Açougues / Padarias,10
GLORIA,In natura,Hortifrutigranjeiros,4
GLORIA,Misto,Hipermercados,7
GLORIA,Misto,Mercearias,19
GLORIA,Misto,Supermercados,1
GLORIA,Ultraprocessado,Cantinas / Alimentação preparada,57
GLORIA,Ultraprocessado,Lojas de conveniência / Varejo alimentar,12
GLORIA,Ultraprocessado,Restaurantes / Lanchonetes,93
GLORIA,Ultraprocessado,Serviços ambulantes,25
GAVEA,In natura,Açougues / Padarias,42
GAVEA,In natura,Hortifrutigranjeiros,9
GAVEA,In natura,Peixarias,13
GAVEA,Misto,Hipermercados,13
GAVEA,Misto,Mercearias,45
GAVEA,Misto,Supermercados,4
GAVEA,Ultraprocessado,Cantinas / Alimentação preparada,151
GAVEA,Ultraprocessado,Lojas de conveniência / Varejo alimentar,34
GAVEA,Ultraprocessado,Restaurantes / Lanchonetes,282
GAVEA,Ultraprocessado,Serviços ambulantes,33
GARDENIA AZUL-JPA,Misto,Mercearias,1
GARDENIA AZUL,In natura,Açougues / Padarias,64
GARDENIA AZUL,In natura,Hortifrutigranjeiros,26
GARDENIA AZUL,In natura,Peixarias,24
GARDENIA AZUL,Misto,Hipermercados,18
GARDENIA AZUL,Misto,Mercearias,67
GARDENIA AZUL,Misto,Supermercados,1
GARDENIA AZUL,Ultraprocessado,Cantinas / Alimentação preparada,206
GARDENIA AZUL,Ultraprocessado,Lojas de conveniência / Varejo alimentar,41
GARDENIA AZUL,Ultraprocessado,Restaurantes / Lanchonetes,266
GARDENIA AZUL,Ultraprocessado,Serviços ambulantes,60
GARDENIA  AZUL,Ultraprocessado,Restaurantes / Lanchonetes,1
GARDENIA  AZUL,Ultraprocessado,Serviços ambulantes,1
GAMBOA,In natura,Açougues / Padarias,11
GAMBOA,In natura,Hortifrutigranjeiros,1
GAMBOA,In natura,Peixarias,1
GAMBOA,Misto,Hipermercados,2
GAMBOA,Misto,Mercearias,20
GAMBOA,Misto,Supermercados,1
GAMBOA,Ultraprocessado,Cantinas / Alimentação preparada,64
GAMBOA,Ultraprocessado,Lojas de conveniência / Varejo alimentar,9
GAMBOA,Ultraprocessado,Restaurantes / Lanchonetes,86
GAMBOA,Ultraprocessado,Serviços ambulantes,27
GALEAO,In natura,Açougues / Padarias,19
GALEAO,In natura,Hortifrutigranjeiros,13
GALEAO,In natura,Peixarias,10
GALEAO,Misto,Hipermercados,36
GALEAO,Misto,Mercearias,30
GALEAO,Ultraprocessado,Cantinas / Alimentação preparada,62
GALEAO,Ultraprocessado,Lojas de conveniência / Varejo alimentar,12
GALEAO,Ultraprocessado,Restaurantes / Lanchonetes,175
GALEAO,Ultraprocessado,Serviços ambulantes,23
FREGUESIA/JPA,Ultraprocessado,Restaurantes / Lanchonetes,1
FREGUESIA/JACAREPAGUA,Ultraprocessado,Restaurantes / Lanchonetes,1
FREGUESIA- COMUNIDADE RIO DAS PEDRAS,Misto,Mercearias,1
"FREGUESIA, JACAREPAGUA",Ultraprocessado,Restaurantes / Lanchonetes,1
FREGUESIA(JACAREPAGUA),In natura,Açougues / Padarias,1
FREGUESIA(JACAREPAGUA),Misto,Mercearias,1
FREGUESIA(JACAREPAGUA),Ultraprocessado,Restaurantes / Lanchonetes,1
FREGUESIA JACAREPAGUA,Misto,Mercearias,1
FREGUESIA JACAREPAGUA,Misto,Supermercados,1
FREGUESIA /JACAREPAG,Ultraprocessado,Restaurantes / Lanchonetes,1
FREGUESIA / JACAREPAGUA,Misto,Mercearias,1
FREGUESIA - JPA,Misto,Mercearias,1
FREGUESIA - JACAREPAGUA,Ultraprocessado,Cantinas / Alimentação preparada,1
FREGUESIA - JACAREPAGUA,Ultraprocessado,Lojas de conveniência / Varejo alimentar,1
FREGUESIA - JACAREPAGUA,Ultraprocessado,Restaurantes / Lanchonetes,1
FREGUESIA (JACAREPAGUA),In natura,Açougues / Padarias,49
FREGUESIA (JACAREPAGUA),In natura,Hortifrutigranjeiros,19
FREGUESIA (JACAREPAGUA),In natura,Peixarias,9
FREGUESIA (JACAREPAGUA),Misto,Hipermercados,25
FREGUESIA (JACAREPAGUA),Misto,Mercearias,66
FREGUESIA (JACAREPAGUA),Misto,Supermercados,2
FREGUESIA (JACAREPAGUA),Ultraprocessado,Cantinas / Alimentação preparada,346
FREGUESIA (JACAREPAGUA),Ultraprocessado,Lojas de conveniência / Varejo alimentar,70
FREGUESIA (JACAREPAGUA),Ultraprocessado,Restaurantes / Lanchonetes,335
FREGUESIA (JACAREPAGUA),Ultraprocessado,Serviços ambulantes,67
FREGUESIA (ILHA),In natura,Açougues / Padarias,5
FREGUESIA (ILHA),Misto,Mercearias,2
FREGUESIA (ILHA),Ultraprocessado,Cantinas / Alimentação preparada,4
FREGUESIA (ILHA),Ultraprocessado,Lojas de conveniência / Varejo alimentar,1
FREGUESIA (ILHA),Ultraprocessado,Restaurantes / Lanchonetes,8
FREGUESIA (ILHA DO GOVERNADOR),In natura,Açougues / Padarias,11
FREGUESIA (ILHA DO GOVERNADOR),In natura,Hortifrutigranjeiros,3
FREGUESIA (ILHA DO GOVERNADOR),In natura,Peixarias,9
FREGUESIA (ILHA DO GOVERNADOR),Misto,Mercearias,9
FREGUESIA (ILHA DO GOVERNADOR),Ultraprocessado,Cantinas / Alimentação preparada,61
FREGUESIA (ILHA DO GOVERNADOR),Ultraprocessado,Lojas de conveniência / Varejo alimentar,2
FREGUESIA (ILHA DO GOVERNADOR),Ultraprocessado,Restaurantes / Lanchonetes,55
FREGUESIA (ILHA DO GOVERNADOR),Ultraprocessado,Serviços ambulantes,33
FREGUESIA,In natura,Açougues / Padarias,1
FREGUESIA,Misto,Mercearias,4
FREGUESIA,Ultraprocessado,Cantinas / Alimentação preparada,2
FREGUESIA,Ultraprocessado,Lojas de conveniência / Varejo alimentar,3
FREGUESIA,Ultraprocessado,Restaurantes / Lanchonetes,20
FREGUESIA,Ultraprocessado,Serviços ambulantes,1
FLORESTA DA TIJUCA,Ultraprocessado,Restaurantes / Lanchonetes,1
FLAMENGO,In natura,Açougues / Padarias,26
FLAMENGO,In natura,Hortifrutigranjeiros,10
FLAMENGO,In natura,Peixarias,5
FLAMENGO,Misto,Hipermercados,15
FLAMENGO,Misto,Mercearias,30
FLAMENGO,Misto,Supermercados,5
FLAMENGO,Ultraprocessado,Cantinas / Alimentação preparada,106
FLAMENGO,Ultraprocessado,Lojas de conveniência / Varejo alimentar,43
FLAMENGO,Ultraprocessado,Restaurantes / Lanchonetes,170
FLAMENGO,Ultraprocessado,Serviços ambulantes,35
FAVELA JACAREZINHO,In natura,Peixarias,1
FATIMA,In natura,Peixarias,1
FATIMA,Ultraprocessado,Cantinas / Alimentação preparada,1
FATIMA,Ultraprocessado,Restaurantes / Lanchonetes,1
FATIMA,Ultraprocessado,Serviços ambulantes,1
ESTACIO,In natura,Açougues / Padarias,15
ESTACIO,In natura,Hortifrutigranjeiros,10
ESTACIO,In natura,Peixarias,4
ESTACIO,Misto,Hipermercados,2
ESTACIO,Misto,Mercearias,19
ESTACIO,Ultraprocessado,Cantinas / Alimentação preparada,104
ESTACIO,Ultraprocessado,Lojas de conveniência / Varejo alimentar,9
ESTACIO,Ultraprocessado,Restaurantes / Lanchonetes,115
ESTACIO,Ultraprocessado,Serviços ambulantes,29
ENGENHO VELHO,Ultraprocessado,Restaurantes / Lanchonetes,1
ENGENHO NOVO,In natura,Açougues / Padarias,22
ENGENHO NOVO,In natura,Hortifrutigranjeiros,19
ENGENHO NOVO,In natura,Peixarias,2
ENGENHO NOVO,Misto,Hipermercados,6
ENGENHO NOVO,Misto,Mercearias,51
ENGENHO NOVO,Misto,Supermercados,4
ENGENHO NOVO,Ultraprocessado,Cantinas / Alimentação preparada,204
ENGENHO NOVO,Ultraprocessado,Lojas de conveniência / Varejo alimentar,24
ENGENHO NOVO,Ultraprocessado,Restaurantes / Lanchonetes,196
ENGENHO NOVO,Ultraprocessado,Serviços ambulantes,50
ENGENHO DENTRO,Ultraprocessado,Restaurantes / Lanchonetes,1
ENGENHO DE DENTRO,In natura,Açougues / Padarias,42
ENGENHO DE DENTRO,In natura,Hortifrutigranjeiros,18
ENGENHO DE DENTRO,In natura,Peixarias,12
ENGENHO DE DENTRO,Misto,Hipermercados,21
ENGENHO DE DENTRO,Misto,Mercearias,49
ENGENHO DE DENTRO,Misto,Supermercados,6
ENGENHO DE DENTRO,Ultraprocessado,Cantinas / Alimentação preparada,262
ENGENHO DE DENTRO,Ultraprocessado,Lojas de conveniência / Varejo alimentar,48
ENGENHO DE DENTRO,Ultraprocessado,Restaurantes / Lanchonetes,269
ENGENHO DE DENTRO,Ultraprocessado,Serviços ambulantes,68
ENGENHO DE DE DENTRO,Ultraprocessado,Restaurantes / Lanchonetes,1
ENGENHO DA RAINHA,In natura,Açougues / Padarias,18
ENGENHO DA RAINHA,In natura,Hortifrutigranjeiros,17
ENGENHO DA RAINHA,In natura,Peixarias,5
ENGENHO DA RAINHA,Misto,Hipermercados,8
ENGENHO DA RAINHA,Misto,Mercearias,22
ENGENHO DA RAINHA,Misto,Supermercados,1
ENGENHO DA RAINHA,Ultraprocessado,Cantinas / Alimentação preparada,84
ENGENHO DA RAINHA,Ultraprocessado,Lojas de conveniência / Varejo alimentar,13
ENGENHO DA RAINHA,Ultraprocessado,Restaurantes / Lanchonetes,85
ENGENHO DA RAINHA,Ultraprocessado,Serviços ambulantes,33
ENGENHEIRO LEAL,In natura,Açougues / Padarias,8
ENGENHEIRO LEAL,In natura,Hortifrutigranjeiros,1
ENGENHEIRO LEAL,In natura,Peixarias,1
ENGENHEIRO LEAL,Misto,Mercearias,5
ENGENHEIRO LEAL,Ultraprocessado,Cantinas / Alimentação preparada,30
ENGENHEIRO LEAL,Ultraprocessado,Lojas de conveniência / Varejo alimentar,2
ENGENHEIRO LEAL,Ultraprocessado,Restaurantes / Lanchonetes,12
ENGENHEIRO LEAL,Ultraprocessado,Serviços ambulantes,9
ENG DE DENTRO,Ultraprocessado,Restaurantes / Lanchonetes,1
ENCANTADO,In natura,Açougues / Padarias,8
ENCANTADO,In natura,Hortifrutigranjeiros,7
ENCANTADO,In natura,Peixarias,5
ENCANTADO,Misto,Hipermercados,5
ENCANTADO,Misto,Mercearias,13
ENCANTADO,Ultraprocessado,Cantinas / Alimentação preparada,86
ENCANTADO,Ultraprocessado,Lojas de conveniência / Varejo alimentar,14
ENCANTADO,Ultraprocessado,Restaurantes / Lanchonetes,72
ENCANTADO,Ultraprocessado,Serviços ambulantes,14
ENCAN TADO,In natura,Açougues / Padarias,1
DUMAS,In natura,Açougues / Padarias,3
DUMAS,Misto,Mercearias,1
DUMAS,Ultraprocessado,Cantinas / Alimentação preparada,4
DUMAS,Ultraprocessado,Restaurantes / Lanchonetes,8
DEODORO,In natura,Açougues / Padarias,9
DEODORO,In natura,Hortifrutigranjeiros,9
DEODORO,Misto,Hipermercados,3
DEODORO,Misto,Mercearias,17
DEODORO,Misto,Supermercados,1
DEODORO,Ultraprocessado,Cantinas / Alimentação preparada,66
DEODORO,Ultraprocessado,Lojas de conveniência / Varejo alimentar,7
DEODORO,Ultraprocessado,Restaurantes / Lanchonetes,53
DEODORO,Ultraprocessado,Serviços ambulantes,20
DENDE,In natura,Açougues / Padarias,1
DENDE,In natura,Hortifrutigranjeiros,1
DENDE,Misto,Mercearias,1
DENDE,Ultraprocessado,Cantinas / Alimentação preparada,7
DENDE,Ultraprocessado,Lojas de conveniência / Varejo alimentar,2
DENDE,Ultraprocessado,Restaurantes / Lanchonetes,8
DENDE,Ultraprocessado,Serviços ambulantes,1
DEL CASTLHO,Ultraprocessado,Restaurantes / Lanchonetes,1
DEL CASTILLO,Ultraprocessado,Lojas de conveniência / Varejo alimentar,1
DEL CASTILHOS,Misto,Hipermercados,1
DEL CASTILHO,In natura,Açougues / Padarias,38
DEL CASTILHO,In natura,Hortifrutigranjeiros,13
DEL CASTILHO,In natura,Peixarias,2
DEL CASTILHO,Misto,Hipermercados,13
DEL CASTILHO,Misto,Mercearias,39
DEL CASTILHO,Misto,Supermercados,1
DEL CASTILHO,Ultraprocessado,Cantinas / Alimentação preparada,120
DEL CASTILHO,Ultraprocessado,Lojas de conveniência / Varejo alimentar,41
DEL CASTILHO,Ultraprocessado,Restaurantes / Lanchonetes,265
DEL CASTILHO,Ultraprocessado,Serviços ambulantes,29
DEL C ASTILHO,Ultraprocessado,Restaurantes / Lanchonetes,1
CURICICA/JACAREPAGUA,Ultraprocessado,Cantinas / Alimentação preparada,1
CURICICA - JPA,Ultraprocessado,Lojas de conveniência / Varejo alimentar,1
CURICICA - JACAREPAGUA,Misto,Supermercados,1
CURICICA - JACAREPAGUA,Ultraprocessado,Cantinas / Alimentação preparada,1
CURICICA - JACAREPAGUA,Ultraprocessado,Restaurantes / Lanchonetes,1
CURICICA,In natura,Açougues / Padarias,35
CURICICA,In natura,Hortifrutigranjeiros,33
CURICICA,In natura,Peixarias,17
CURICICA,Misto,Hipermercados,15
CURICICA,Misto,Mercearias,53
CURICICA,Misto,Supermercados,4
CURICICA,Ultraprocessado,Cantinas / Alimentação preparada,307
CURICICA,Ultraprocessado,Lojas de conveniência / Varejo alimentar,49
CURICICA,Ultraprocessado,Restaurantes / Lanchonetes,311
CURICICA,Ultraprocessado,Serviços ambulantes,66
CPO GRANDE,In natura,Açougues / Padarias,1
CPO GRANDE,In natura,Peixarias,1
CPO GRANDE,Misto,Hipermercados,1
CPO GRANDE,Misto,Mercearias,1
CPO GRANDE,Misto,Supermercados,2
COSTA BARROS,In natura,Açougues / Padarias,35
COSTA BARROS,In natura,Hortifrutigranjeiros,12
COSTA BARROS,In natura,Peixarias,2
COSTA BARROS,Misto,Mercearias,42
COSTA BARROS,Ultraprocessado,Cantinas / Alimentação preparada,66
COSTA BARROS,Ultraprocessado,Lojas de conveniência / Varejo alimentar,8
COSTA BARROS,Ultraprocessado,Restaurantes / Lanchonetes,87
COSTA BARROS,Ultraprocessado,Serviços ambulantes,30
COSMOS,In natura,Açougues / Padarias,67
COSMOS,In natura,Hortifrutigranjeiros,25
COSMOS,In natura,Peixarias,12
COSMOS,Misto,Hipermercados,13
COSMOS,Misto,Mercearias,98
COSMOS,Misto,Supermercados,3
COSMOS,Ultraprocessado,Cantinas / Alimentação preparada,287
COSMOS,Ultraprocessado,Lojas de conveniência / Varejo alimentar,77
COSMOS,Ultraprocessado,Restaurantes / Lanchonetes,394
COSMOS,Ultraprocessado,Serviços ambulantes,104
COSME VELHO,In natura,Açougues / Padarias,4
COSME VELHO,In natura,Hortifrutigranjeiros,2
COSME VELHO,Misto,Hipermercados,1
COSME VELHO,Misto,Mercearias,7
COSME VELHO,Ultraprocessado,Cantinas / Alimentação preparada,26
COSME VELHO,Ultraprocessado,Lojas de conveniência / Varejo alimentar,5
COSME VELHO,Ultraprocessado,Restaurantes / Lanchonetes,24
COSME VELHO,Ultraprocessado,Serviços ambulantes,6
CORDOVIL,In natura,Açougues / Padarias,19
CORDOVIL,In natura,Hortifrutigranjeiros,12
CORDOVIL,In natura,Peixarias,10
CORDOVIL,Misto,Hipermercados,3
CORDOVIL,Misto,Mercearias,45
CORDOVIL,Misto,Supermercados,4
CORDOVIL,Ultraprocessado,Cantinas / Alimentação preparada,148
CORDOVIL,Ultraprocessado,Lojas de conveniência / Varejo alimentar,22
CORDOVIL,Ultraprocessado,Restaurantes / Lanchonetes,151
CORDOVIL,Ultraprocessado,Serviços ambulantes,43
COPACABANA / RJ,Ultraprocessado,Restaurantes / Lanchonetes,1
COPACABANA,In natura,Açougues / Padarias,130
COPACABANA,In natura,Hortifrutigranjeiros,38
COPACABANA,In natura,Peixarias,25
COPACABANA,Misto,Hipermercados,57
COPACABANA,Misto,Mercearias,151
COPACABANA,Misto,Supermercados,23
COPACABANA,Ultraprocessado,Cantinas / Alimentação preparada,517
COPACABANA,Ultraprocessado,Lojas de conveniência / Varejo alimentar,169
COPACABANA,Ultraprocessado,Restaurantes / Lanchonetes,1157
COPACABANA,Ultraprocessado,Serviços ambulantes,135
COPACABA,Ultraprocessado,Restaurantes / Lanchonetes,1
CONSOLACAO,In natura,Açougues / Padarias,1
CONJUNTO AMARELINHO - COELHO NETO,Misto,Mercearias,1
COMUNIDADE RIO DAS PEDRAS JACAREPAGUA,Ultraprocessado,Restaurantes / Lanchonetes,1
COMUNIDADE RIO DAS  PEDRAS- JACAREPAGUA,Misto,Supermercados,1
COMPLEXO DO ALEMAO,In natura,Açougues / Padarias,5
COMPLEXO DO ALEMAO,In natura,Hortifrutigranjeiros,2
COMPLEXO DO ALEMAO,Misto,Hipermercados,4
COMPLEXO DO ALEMAO,Misto,Mercearias,13
COMPLEXO DO ALEMAO,Ultraprocessado,Cantinas / Alimentação preparada,3
COMPLEXO DO ALEMAO,Ultraprocessado,Lojas de conveniência / Varejo alimentar,3
COMPLEXO DO ALEMAO,Ultraprocessado,Restaurantes / Lanchonetes,12
COLEGIO,In natura,Açougues / Padarias,28
COLEGIO,In natura,Hortifrutigranjeiros,23
COLEGIO,In natura,Peixarias,9
COLEGIO,Misto,Hipermercados,6
COLEGIO,Misto,Mercearias,43
COLEGIO,Ultraprocessado,Cantinas / Alimentação preparada,130
COLEGIO,Ultraprocessado,Lojas de conveniência / Varejo alimentar,23
COLEGIO,Ultraprocessado,Restaurantes / Lanchonetes,120
COLEGIO,Ultraprocessado,Serviços ambulantes,56
COELHO NETO,In natura,Açougues / Padarias,37
COELHO NETO,In natura,Hortifrutigranjeiros,64
COELHO NETO,In natura,Peixarias,18
COELHO NETO,Misto,Hipermercados,6
COELHO NETO,Misto,Mercearias,56
COELHO NETO,Misto,Supermercados,6
COELHO NETO,Ultraprocessado,Cantinas / Alimentação preparada,143
COELHO NETO,Ultraprocessado,Lojas de conveniência / Varejo alimentar,40
COELHO NETO,Ultraprocessado,Restaurantes / Lanchonetes,184
COELHO NETO,Ultraprocessado,Serviços ambulantes,80
COCOTA - ILHA DO GOVERNADOR,Ultraprocessado,Lojas de conveniência / Varejo alimentar,1
COCOTA,In natura,Açougues / Padarias,10
COCOTA,In natura,Hortifrutigranjeiros,8
COCOTA,In natura,Peixarias,2
COCOTA,Misto,Hipermercados,7
COCOTA,Misto,Mercearias,10
COCOTA,Ultraprocessado,Cantinas / Alimentação preparada,39
COCOTA,Ultraprocessado,Lojas de conveniência / Varejo alimentar,8
COCOTA,Ultraprocessado,Restaurantes / Lanchonetes,48
COCOTA,Ultraprocessado,Serviços ambulantes,9
CIRICICA -JACAREPAGUA,Ultraprocessado,Cantinas / Alimentação preparada,1
CIRCULAR PENHA,In natura,Açougues / Padarias,1
CIRCULAR DA PENHA,Misto,Mercearias,2
CIRCULAR DA PENHA,Ultraprocessado,Lojas de conveniência / Varejo alimentar,1
CIRCULAR DA PENHA,Ultraprocessado,Restaurantes / Lanchonetes,3
CIDADE UNIVERSITARIA - ILHA DO FUNDAO,Ultraprocessado,Restaurantes / Lanchonetes,1
CIDADE UNIVERSITARIA,In natura,Açougues / Padarias,5
CIDADE UNIVERSITARIA,In natura,Hortifrutigranjeiros,2
CIDADE UNIVERSITARIA,In natura,Peixarias,1
CIDADE UNIVERSITARIA,Misto,Mercearias,3
CIDADE UNIVERSITARIA,Ultraprocessado,Cantinas / Alimentação preparada,20
CIDADE UNIVERSITARIA,Ultraprocessado,Lojas de conveniência / Varejo alimentar,2
CIDADE UNIVERSITARIA,Ultraprocessado,Restaurantes / Lanchonetes,36
CIDADE UNIVERSITARIA,Ultraprocessado,Serviços ambulantes,5
CIDADE NOVA,In natura,Açougues / Padarias,12
CIDADE NOVA,In natura,Hortifrutigranjeiros,1
CIDADE NOVA,In natura,Peixarias,2
CIDADE NOVA,Misto,Hipermercados,2
CIDADE NOVA,Misto,Mercearias,4
CIDADE NOVA,Ultraprocessado,Cantinas / Alimentação preparada,45
CIDADE NOVA,Ultraprocessado,Lojas de conveniência / Varejo alimentar,7
CIDADE NOVA,Ultraprocessado,Restaurantes / Lanchonetes,99
CIDADE NOVA,Ultraprocessado,Serviços ambulantes,9
CIDADE DE DEUS JACAREPAGUA,Ultraprocessado,Lojas de conveniência / Varejo alimentar,1
CIDADE DE DEUS,In natura,Açougues / Padarias,51
CIDADE DE DEUS,In natura,Hortifrutigranjeiros,29
CIDADE DE DEUS,In natura,Peixarias,59
CIDADE DE DEUS,Misto,Hipermercados,14
CIDADE DE DEUS,Misto,Mercearias,77
CIDADE DE DEUS,Ultraprocessado,Cantinas / Alimentação preparada,187
CIDADE DE DEUS,Ultraprocessado,Lojas de conveniência / Varejo alimentar,31
CIDADE DE DEUS,Ultraprocessado,Restaurantes / Lanchonetes,345
CIDADE DE DEUS,Ultraprocessado,Serviços ambulantes,60
CENTTRO,In natura,Peixarias,1
CENTRO/CASTELO,Ultraprocessado,Restaurantes / Lanchonetes,1
CENTRO',Ultraprocessado,Restaurantes / Lanchonetes,1
CENTRO / RJ,Ultraprocessado,Restaurantes / Lanchonetes,1
CENTRO,In natura,Açougues / Padarias,225
CENTRO,In natura,Hortifrutigranjeiros,29
CENTRO,In natura,Peixarias,11
CENTRO,Misto,Hipermercados,258
CENTRO,Misto,Mercearias,135
CENTRO,Misto,Supermercados,12
CENTRO,Ultraprocessado,Cantinas / Alimentação preparada,472
CENTRO,Ultraprocessado,Lojas de conveniência / Varejo alimentar,245
CENTRO,Ultraprocessado,Restaurantes / Lanchonetes,1774
CENTRO,Ultraprocessado,Serviços ambulantes,190
CENTO,Ultraprocessado,Restaurantes / Lanchonetes,1
CCENTRO,Ultraprocessado,Restaurantes / Lanchonetes,1
CAVALCANTI,In natura,Açougues / Padarias,11
CAVALCANTI,In natura,Hortifrutigranjeiros,10
CAVALCANTI,In natura,Peixarias,2
CAVALCANTI,Misto,Hipermercados,2
CAVALCANTI,Misto,Mercearias,11
CAVALCANTI,Misto,Supermercados,1
CAVALCANTI,Ultraprocessado,Cantinas / Alimentação preparada,72
CAVALCANTI,Ultraprocessado,Lojas de conveniência / Varejo alimentar,14
CAVALCANTI,Ultraprocessado,Restaurantes / Lanchonetes,67
CAVALCANTI,Ultraprocessado,Serviços ambulantes,21
CAVALCANTE,In natura,Açougues / Padarias,1
CAVALCANTE,In natura,Peixarias,1
CAVALCANTE,Misto,Mercearias,3
CAVALCANTE,Ultraprocessado,Restaurantes / Lanchonetes,2
CATUMBI,In natura,Açougues / Padarias,14
CATUMBI,In natura,Hortifrutigranjeiros,6
CATUMBI,In natura,Peixarias,12
CATUMBI,Misto,Hipermercados,2
CATUMBI,Misto,Mercearias,26
CATUMBI,Misto,Supermercados,1
CATUMBI,Ultraprocessado,Cantinas / Alimentação preparada,83
CATUMBI,Ultraprocessado,Lojas de conveniência / Varejo alimentar,9
CATUMBI,Ultraprocessado,Restaurantes / Lanchonetes,99
CATUMBI,Ultraprocessado,Serviços ambulantes,28
CATETE,In natura,Açougues / Padarias,29
CATETE,In natura,Hortifrutigranjeiros,16
CATETE,In natura,Peixarias,2
CATETE,Misto,Hipermercados,8
CATETE,Misto,Mercearias,22
CATETE,Misto,Supermercados,3
CATETE,Ultraprocessado,Cantinas / Alimentação preparada,77
CATETE,Ultraprocessado,Lojas de conveniência / Varejo alimentar,21
CATETE,Ultraprocessado,Restaurantes / Lanchonetes,184
CATETE,Ultraprocessado,Serviços ambulantes,31
CASTELO,Ultraprocessado,Lojas de conveniência / Varejo alimentar,2
CASTELO,Ultraprocessado,Restaurantes / Lanchonetes,11
CASCADURA,In natura,Açougues / Padarias,36
CASCADURA,In natura,Hortifrutigranjeiros,15
CASCADURA,In natura,Peixarias,11
CASCADURA,Misto,Hipermercados,11
CASCADURA,Misto,Mercearias,29
CASCADURA,Misto,Supermercados,8
CASCADURA,Ultraprocessado,Cantinas / Alimentação preparada,142
CASCADURA,Ultraprocessado,Lojas de conveniência / Varejo alimentar,26
CASCADURA,Ultraprocessado,Restaurantes / Lanchonetes,155
CASCADURA,Ultraprocessado,Serviços ambulantes,34
CAPACABANA,Ultraprocessado,Restaurantes / Lanchonetes,1
CAMPOS DOS AFONSOS,Ultraprocessado,Restaurantes / Lanchonetes,1
CAMPO GRANDE/RJ,In natura,Açougues / Padarias,1
CAMPO GRANDE/RJ,Ultraprocessado,Restaurantes / Lanchonetes,1
CAMPO GRANDE',Misto,Mercearias,1
CAMPO GRANDE - ADRIANA II,In natura,Hortifrutigranjeiros,1
CAMPO GRANDE,In natura,Açougues / Padarias,395
CAMPO GRANDE,In natura,Hortifrutigranjeiros,205
CAMPO GRANDE,In natura,Peixarias,94
CAMPO GRANDE,Misto,Hipermercados,178
CAMPO GRANDE,Misto,Mercearias,507
CAMPO GRANDE,Misto,Supermercados,30
CAMPO GRANDE,Ultraprocessado,Cantinas / Alimentação preparada,1691
CAMPO GRANDE,Ultraprocessado,Lojas de conveniência / Varejo alimentar,427
CAMPO GRANDE,Ultraprocessado,Restaurantes / Lanchonetes,2315
CAMPO GRANDE,Ultraprocessado,Serviços ambulantes,526
CAMPO GARNDE,Ultraprocessado,Restaurantes / Lanchonetes,1
CAMPO DOS AFONSOS,In natura,Açougues / Padarias,4
CAMPO DOS AFONSOS,In natura,Peixarias,1
CAMPO DOS AFONSOS,Misto,Hipermercados,1
CAMPO DOS AFONSOS,Misto,Mercearias,2
CAMPO DOS AFONSOS,Ultraprocessado,Cantinas / Alimentação preparada,10
CAMPO DOS AFONSOS,Ultraprocessado,Lojas de conveniência / Varejo alimentar,2
CAMPO DOS AFONSOS,Ultraprocessado,Restaurantes / Lanchonetes,18
CAMPO DOS AFONSOS,Ultraprocessado,Serviços ambulantes,1
CAMPINHO,In natura,Açougues / Padarias,13
CAMPINHO,In natura,Hortifrutigranjeiros,8
CAMPINHO,In natura,Peixarias,5
CAMPINHO,Misto,Hipermercados,2
CAMPINHO,Misto,Mercearias,12
CAMPINHO,Misto,Supermercados,1
CAMPINHO,Ultraprocessado,Cantinas / Alimentação preparada,48
CAMPINHO,Ultraprocessado,Lojas de conveniência / Varejo alimentar,15
CAMPINHO,Ultraprocessado,Restaurantes / Lanchonetes,54
CAMPINHO,Ultraprocessado,Serviços ambulantes,8
CAMORIM,In natura,Açougues / Padarias,8
CAMORIM,In natura,Hortifrutigranjeiros,4
CAMORIM,In natura,Peixarias,1
CAMORIM,Misto,Hipermercados,3
CAMORIM,Misto,Mercearias,20
CAMORIM,Ultraprocessado,Cantinas / Alimentação preparada,50
CAMORIM,Ultraprocessado,Lojas de conveniência / Varejo alimentar,9
CAMORIM,Ultraprocessado,Restaurantes / Lanchonetes,46
CAMORIM,Ultraprocessado,Serviços ambulantes,12
CAMINHO DO JOB - DEODORO,Ultraprocessado,Restaurantes / Lanchonetes,1
CAJU,In natura,Açougues / Padarias,25
CAJU,In natura,Hortifrutigranjeiros,9
CAJU,In natura,Peixarias,7
CAJU,Misto,Hipermercados,2
CAJU,Misto,Mercearias,33
CAJU,Misto,Supermercados,1
CAJU,Ultraprocessado,Cantinas / Alimentação preparada,53
CAJU,Ultraprocessado,Lojas de conveniência / Varejo alimentar,13
CAJU,Ultraprocessado,Restaurantes / Lanchonetes,112
CAJU,Ultraprocessado,Serviços ambulantes,26
CAIS DO PORTO,Ultraprocessado,Restaurantes / Lanchonetes,1
CACUIA,In natura,Açougues / Padarias,10
CACUIA,In natura,Hortifrutigranjeiros,8
CACUIA,In natura,Peixarias,5
CACUIA,Misto,Hipermercados,7
CACUIA,Misto,Mercearias,12
CACUIA,Ultraprocessado,Cantinas / Alimentação preparada,79
CACUIA,Ultraprocessado,Lojas de conveniência / Varejo alimentar,18
CACUIA,Ultraprocessado,Restaurantes / Lanchonetes,97
CACUIA,Ultraprocessado,Serviços ambulantes,21
CACHAMBIA,Ultraprocessado,Restaurantes / Lanchonetes,1
CACHAMBI / PILARES,Ultraprocessado,Restaurantes / Lanchonetes,1
CACHAMBI,In natura,Açougues / Padarias,50
CACHAMBI,In natura,Hortifrutigranjeiros,16
CACHAMBI,In natura,Peixarias,3
CACHAMBI,Misto,Hipermercados,16
CACHAMBI,Misto,Mercearias,36
CACHAMBI,Misto,Supermercados,8
CACHAMBI,Ultraprocessado,Cantinas / Alimentação preparada,201
CACHAMBI,Ultraprocessado,Lojas de conveniência / Varejo alimentar,43
CACHAMBI,Ultraprocessado,Restaurantes / Lanchonetes,351
CACHAMBI,Ultraprocessado,Serviços ambulantes,45
C GRANDE,In natura,Açougues / Padarias,1
C GRANDE,Misto,Mercearias,1
BRAZ DE PINA,In natura,Açougues / Padarias,42
BRAZ DE PINA,In natura,Hortifrutigranjeiros,20
BRAZ DE PINA,In natura,Peixarias,11
BRAZ DE PINA,Misto,Hipermercados,9
BRAZ DE PINA,Misto,Mercearias,34
BRAZ DE PINA,Misto,Supermercados,1
BRAZ DE PINA,Ultraprocessado,Cantinas / Alimentação preparada,173
BRAZ DE PINA,Ultraprocessado,Lojas de conveniência / Varejo alimentar,52
BRAZ DE PINA,Ultraprocessado,Restaurantes / Lanchonetes,182
BRAZ DE PINA,Ultraprocessado,Serviços ambulantes,41
BRAS DE PINA,In natura,Açougues / Padarias,8
BRAS DE PINA,In natura,Hortifrutigranjeiros,1
BRAS DE PINA,In natura,Peixarias,2
BRAS DE PINA,Misto,Hipermercados,1
BRAS DE PINA,Misto,Mercearias,4
BRAS DE PINA,Ultraprocessado,Cantinas / Alimentação preparada,33
BRAS DE PINA,Ultraprocessado,Lojas de conveniência / Varejo alimentar,9
BRAS DE PINA,Ultraprocessado,Restaurantes / Lanchonetes,38
BRAS DE PINA,Ultraprocessado,Serviços ambulantes,15
BOTTFOGO,Ultraprocessado,Restaurantes / Lanchonetes,1
BOTAFOGO,In natura,Açougues / Padarias,99
BOTAFOGO,In natura,Hortifrutigranjeiros,21
BOTAFOGO,In natura,Peixarias,8
BOTAFOGO,Misto,Hipermercados,24
BOTAFOGO,Misto,Mercearias,46
BOTAFOGO,Misto,Supermercados,12
BOTAFOGO,Ultraprocessado,Cantinas / Alimentação preparada,464
BOTAFOGO,Ultraprocessado,Lojas de conveniência / Varejo alimentar,122
BOTAFOGO,Ultraprocessado,Restaurantes / Lanchonetes,921
BOTAFOGO,Ultraprocessado,Serviços ambulantes,69
BONSUCESSO,In natura,Açougues / Padarias,84
BONSUCESSO,In natura,Hortifrutigranjeiros,49
BONSUCESSO,In natura,Peixarias,18
BONSUCESSO,Misto,Hipermercados,35
BONSUCESSO,Misto,Mercearias,92
BONSUCESSO,Misto,Supermercados,9
BONSUCESSO,Ultraprocessado,Cantinas / Alimentação preparada,253
BONSUCESSO,Ultraprocessado,Lojas de conveniência / Varejo alimentar,70
BONSUCESSO,Ultraprocessado,Restaurantes / Lanchonetes,497
BONSUCESSO,Ultraprocessado,Serviços ambulantes,97
BENTO RIBEIRO,In natura,Açougues / Padarias,29
BENTO RIBEIRO,In natura,Hortifrutigranjeiros,18
BENTO RIBEIRO,In natura,Peixarias,11
BENTO RIBEIRO,Misto,Hipermercados,10
BENTO RIBEIRO,Misto,Mercearias,58
BENTO RIBEIRO,Misto,Supermercados,5
BENTO RIBEIRO,Ultraprocessado,Cantinas / Alimentação preparada,231
BENTO RIBEIRO,Ultraprocessado,Lojas de conveniência / Varejo alimentar,41
BENTO RIBEIRO,Ultraprocessado,Restaurantes / Lanchonetes,209
BENTO RIBEIRO,Ultraprocessado,Serviços ambulantes,61
BENFICA / MANGUEIRA,Ultraprocessado,Restaurantes / Lanchonetes,1
BENFICA,In natura,Açougues / Padarias,54
BENFICA,In natura,Hortifrutigranjeiros,62
BENFICA,In natura,Peixarias,15
BENFICA,Misto,Hipermercados,9
BENFICA,Misto,Mercearias,63
BENFICA,Misto,Supermercados,4
BENFICA,Ultraprocessado,Cantinas / Alimentação preparada,158
BENFICA,Ultraprocessado,Lojas de conveniência / Varejo alimentar,51
BENFICA,Ultraprocessado,Restaurantes / Lanchonetes,275
BENFICA,Ultraprocessado,Serviços ambulantes,46
BARROS FILHO,In natura,Açougues / Padarias,16
BARROS FILHO,In natura,Hortifrutigranjeiros,8
BARROS FILHO,In natura,Peixarias,4
BARROS FILHO,Misto,Hipermercados,1
BARROS FILHO,Misto,Mercearias,24
BARROS FILHO,Misto,Supermercados,1
BARROS FILHO,Ultraprocessado,Cantinas / Alimentação preparada,55
BARROS FILHO,Ultraprocessado,Lojas de conveniência / Varejo alimentar,4
BARROS FILHO,Ultraprocessado,Restaurantes / Lanchonetes,47
BARROS FILHO,Ultraprocessado,Serviços ambulantes,21
BARRADA TIJUCA,Ultraprocessado,Restaurantes / Lanchonetes,1
BARRA TIJUCA,Ultraprocessado,Lojas de conveniência / Varejo alimentar,1
BARRA OLIMPICA,In natura,Açougues / Padarias,2
BARRA OLIMPICA,Misto,Hipermercados,3
BARRA OLIMPICA,Misto,Mercearias,6
BARRA OLIMPICA,Ultraprocessado,Cantinas / Alimentação preparada,12
BARRA OLIMPICA,Ultraprocessado,Lojas de conveniência / Varejo alimentar,2
BARRA OLIMPICA,Ultraprocessado,Restaurantes / Lanchonetes,18
BARRA OLIMPICA,Ultraprocessado,Serviços ambulantes,6
BARRA DE GURATIBA,Ultraprocessado,Restaurantes / Lanchonetes,1
BARRA DE GUARATIBA,In natura,Açougues / Padarias,2
BARRA DE GUARATIBA,In natura,Hortifrutigranjeiros,2
BARRA DE GUARATIBA,In natura,Peixarias,1
BARRA DE GUARATIBA,Misto,Hipermercados,1
BARRA DE GUARATIBA,Misto,Mercearias,11
BARRA DE GUARATIBA,Ultraprocessado,Cantinas / Alimentação preparada,27
BARRA DE GUARATIBA,Ultraprocessado,Lojas de conveniência / Varejo alimentar,7
BARRA DE GUARATIBA,Ultraprocessado,Restaurantes / Lanchonetes,55
BARRA DE GUARATIBA,Ultraprocessado,Serviços ambulantes,7
BARRA DA TUJUCA,Ultraprocessado,Restaurantes / Lanchonetes,1
BARRA DA TIJUCA/ RJ,Ultraprocessado,Restaurantes / Lanchonetes,1
BARRA DA TIJUCA- RJ,Ultraprocessado,Restaurantes / Lanchonetes,1
BARRA DA TIJUCA-,Ultraprocessado,Restaurantes / Lanchonetes,1
BARRA DA TIJUCA / RJ,Ultraprocessado,Restaurantes / Lanchonetes,1
BARRA DA TIJUCA,In natura,Açougues / Padarias,227
BARRA DA TIJUCA,In natura,Hortifrutigranjeiros,32
BARRA DA TIJUCA,In natura,Peixarias,44
BARRA DA TIJUCA,Misto,Hipermercados,75
BARRA DA TIJUCA,Misto,Mercearias,127
BARRA DA TIJUCA,Misto,Supermercados,22
BARRA DA TIJUCA,Ultraprocessado,Cantinas / Alimentação preparada,700
BARRA DA TIJUCA,Ultraprocessado,Lojas de conveniência / Varejo alimentar,333
BARRA DA TIJUCA,Ultraprocessado,Restaurantes / Lanchonetes,1973
BARRA DA TIJUCA,Ultraprocessado,Serviços ambulantes,121
BARRA  DA TIJUCA,Misto,Supermercados,1
BARRA  DA TIJUCA,Ultraprocessado,Restaurantes / Lanchonetes,3
BARRA  DA  TIJUCA,Misto,Hipermercados,1
BARRA  DA  TIJUCA,Ultraprocessado,Cantinas / Alimentação preparada,2
BARCELOS - ROCINHA,In natura,Hortifrutigranjeiros,1
BANGU,In natura,Açougues / Padarias,234
BANGU,In natura,Hortifrutigranjeiros,150
BANGU,In natura,Peixarias,65
BANGU,Misto,Hipermercados,82
BANGU,Misto,Mercearias,315
BANGU,Misto,Supermercados,11
BANGU,Ultraprocessado,Cantinas / Alimentação preparada,923
BANGU,Ultraprocessado,Lojas de conveniência / Varejo alimentar,188
BANGU,Ultraprocessado,Restaurantes / Lanchonetes,1133
BANGU,Ultraprocessado,Serviços ambulantes,321
BANCARIOS ILHA DO GOVERNADOR,Ultraprocessado,Cantinas / Alimentação preparada,1
BANCARIOS,In natura,Açougues / Padarias,10
BANCARIOS,In natura,Peixarias,12
BANCARIOS,Misto,Hipermercados,3
BANCARIOS,Misto,Mercearias,16
BANCARIOS,Ultraprocessado,Cantinas / Alimentação preparada,71
BANCARIOS,Ultraprocessado,Lojas de conveniência / Varejo alimentar,8
BANCARIOS,Ultraprocessado,Restaurantes / Lanchonetes,66
BANCARIOS,Ultraprocessado,Serviços ambulantes,9
BAIRRO DA PEDREIRA - COSTA BARROS,Ultraprocessado,Restaurantes / Lanchonetes,1
BAIRRO DA PEDREIRA - COSTA BARROS,Ultraprocessado,Serviços ambulantes,2
BAARA DA TIJUCA,Ultraprocessado,Restaurantes / Lanchonetes,1
ASA BRANCA - RECREIO  DOS BANDEIRANTES,Ultraprocessado,Cantinas / Alimentação preparada,1
ASA BRANCA - RECREIO  DOS BANDEIRANTES,Ultraprocessado,Restaurantes / Lanchonetes,3
ARAUJO DE COSMOS,Ultraprocessado,Restaurantes / Lanchonetes,1
ANIL/JACAREPAGUA,Ultraprocessado,Cantinas / Alimentação preparada,1
ANIL-JACAREPAGUA,Misto,Mercearias,1
ANIL JPA,Misto,Hipermercados,1
ANIL / RIO DAS PEDRAS,Ultraprocessado,Restaurantes / Lanchonetes,1
ANIL - JACAREPGUA,Ultraprocessado,Restaurantes / Lanchonetes,1
ANIL,In natura,Açougues / Padarias,66
ANIL,In natura,Hortifrutigranjeiros,35
ANIL,In natura,Peixarias,18
ANIL,Misto,Hipermercados,31
ANIL,Misto,Mercearias,87
ANIL,Misto,Supermercados,3
ANIL,Ultraprocessado,Cantinas / Alimentação preparada,266
ANIL,Ultraprocessado,Lojas de conveniência / Varejo alimentar,61
ANIL,Ultraprocessado,Restaurantes / Lanchonetes,362
ANIL,Ultraprocessado,Serviços ambulantes,71
ANDARAY,Ultraprocessado,Restaurantes / Lanchonetes,1
ANDARAI,In natura,Açougues / Padarias,31
ANDARAI,In natura,Hortifrutigranjeiros,10
ANDARAI,In natura,Peixarias,5
ANDARAI,Misto,Hipermercados,10
ANDARAI,Misto,Mercearias,23
ANDARAI,Misto,Supermercados,1
ANDARAI,Ultraprocessado,Cantinas / Alimentação preparada,130
ANDARAI,Ultraprocessado,Lojas de conveniência / Varejo alimentar,37
ANDARAI,Ultraprocessado,Restaurantes / Lanchonetes,187
ANDARAI,Ultraprocessado,Serviços ambulantes,33
ANCHIETA,In natura,Açougues / Padarias,53
ANCHIETA,In natura,Hortifrutigranjeiros,29
ANCHIETA,In natura,Peixarias,11
ANCHIETA,Misto,Hipermercados,9
ANCHIETA,Misto,Mercearias,74
ANCHIETA,Misto,Supermercados,4
ANCHIETA,Ultraprocessado,Cantinas / Alimentação preparada,253
ANCHIETA,Ultraprocessado,Lojas de conveniência / Varejo alimentar,33
ANCHIETA,Ultraprocessado,Restaurantes / Lanchonetes,268
ANCHIETA,Ultraprocessado,Serviços ambulantes,77
ALTO DA BOA VISTA,In natura,Açougues / Padarias,7
ALTO DA BOA VISTA,In natura,Hortifrutigranjeiros,7
ALTO DA BOA VISTA,In natura,Peixarias,1
ALTO DA BOA VISTA,Misto,Hipermercados,2
ALTO DA BOA VISTA,Misto,Mercearias,6
ALTO DA BOA VISTA,Misto,Supermercados,1
ALTO DA BOA VISTA,Ultraprocessado,Cantinas / Alimentação preparada,58
ALTO DA BOA VISTA,Ultraprocessado,Lojas de conveniência / Varejo alimentar,8
ALTO DA BOA VISTA,Ultraprocessado,Restaurantes / Lanchonetes,38
ALTO DA BOA VISTA,Ultraprocessado,Serviços ambulantes,13
ALDEIA CAMPISTA,In natura,Peixarias,1
ALDEIA CAMPISTA,Ultraprocessado,Restaurantes / Lanchonetes,4
AGULHAS NEGRAS - CAMPO GRANDE,In natura,Hortifrutigranjeiros,1
AGULHAS NEGRAS - CAMPO GRANDE,Misto,Mercearias,1
AGULHAS NEGRAS - CAMPO GRANDE,Ultraprocessado,Cantinas / Alimentação preparada,3
AGULHAS NEGRAS - CAMPO GRANDE,Ultraprocessado,Restaurantes / Lanchonetes,1
AGULHAS NEGRAS - CAMPO GRANDE,Ultraprocessado,Serviços ambulantes,1
AGUA SANTA,In natura,Açougues / Padarias,3
AGUA SANTA,In natura,Hortifrutigranjeiros,1
AGUA SANTA,Misto,Hipermercados,1
AGUA SANTA,Misto,Mercearias,9
AGUA SANTA,Misto,Supermercados,2
AGUA SANTA,Ultraprocessado,Cantinas / Alimentação preparada,25
AGUA SANTA,Ultraprocessado,Lojas de conveniência / Varejo alimentar,3
AGUA SANTA,Ultraprocessado,Restaurantes / Lanchonetes,18
AGUA SANTA,Ultraprocessado,Serviços ambulantes,6
ACARI,In natura,Açougues / Padarias,23
ACARI,In natura,Hortifrutigranjeiros,17
ACARI,In natura,Peixarias,8
ACARI,Misto,Hipermercados,7
ACARI,Misto,Mercearias,42
ACARI,Ultraprocessado,Cantinas / Alimentação preparada,64
ACARI,Ultraprocessado,Lojas de conveniência / Varejo alimentar,14
ACARI,Ultraprocessado,Restaurantes / Lanchonetes,68
ACARI,Ultraprocessado,Serviços ambulantes,38
ABOLICAO,In natura,Açougues / Padarias,9
ABOLICAO,In natura,Hortifrutigranjeiros,3
ABOLICAO,Misto,Hipermercados,6
ABOLICAO,Misto,Mercearias,6
ABOLICAO,Misto,Supermercados,1
ABOLICAO,Ultraprocessado,Cantinas / Alimentação preparada,56
ABOLICAO,Ultraprocessado,Lojas de conveniência / Varejo alimentar,13
ABOLICAO,Ultraprocessado,Restaurantes / Lanchonetes,50
ABOLICAO,Ultraprocessado,Serviços ambulantes,12
ABOICAO,In natura,Peixarias,1
 PECHINCHA-JACAREPAGUA,Ultraprocessado,Restaurantes / Lanchonetes,1
 DEL CASTILHO,Ultraprocessado,Restaurantes / Lanchonetes,1
 BENFICA,Ultraprocessado,Lojas de conveniência / Varejo alimentar,1
     BARRA DA TIJUCA,Ultraprocessado,Restaurantes / Lanchonetes,2